-- phpMyAdmin SQL Dump
-- version 4.9.3
-- https://www.phpmyadmin.net/
--
-- 主机： localhost:3306
-- 生成日期： 2020-06-23 08:06:31
-- 服务器版本： 5.7.26
-- PHP 版本： 7.4.2

SET SQL_MODE = "NO_AUTO_VALUE_ON_ZERO";
SET time_zone = "+00:00";


/*!40101 SET @OLD_CHARACTER_SET_CLIENT=@@CHARACTER_SET_CLIENT */;
/*!40101 SET @OLD_CHARACTER_SET_RESULTS=@@CHARACTER_SET_RESULTS */;
/*!40101 SET @OLD_COLLATION_CONNECTION=@@COLLATION_CONNECTION */;
/*!40101 SET NAMES utf8mb4 */;

--
-- 数据库： `Coupon`
--

-- --------------------------------------------------------

--
-- 表的结构 `activity_management`
--

CREATE TABLE `activity_management` (
  `activityId` varchar(5) COLLATE utf8mb4_unicode_ci NOT NULL COMMENT '活動編號',
  `activityCategory` varchar(5) COLLATE utf8mb4_unicode_ci DEFAULT NULL COMMENT '活動類別',
  `activityName` varchar(15) COLLATE utf8mb4_unicode_ci DEFAULT NULL COMMENT '活動名稱',
  `activityContent` varchar(400) COLLATE utf8mb4_unicode_ci DEFAULT NULL COMMENT '活動內容',
  `activityStartTime` datetime NOT NULL COMMENT '活動開始時間',
  `activityEndTime` datetime NOT NULL COMMENT '活動結束時間',
  `activityLocation` varchar(50) COLLATE utf8mb4_unicode_ci DEFAULT NULL COMMENT '活動地點',
  `created_at` datetime NOT NULL DEFAULT CURRENT_TIMESTAMP COMMENT '建立時間',
  `updated_at` datetime NOT NULL DEFAULT CURRENT_TIMESTAMP ON UPDATE CURRENT_TIMESTAMP COMMENT '更新時間'
) ENGINE=InnoDB DEFAULT CHARSET=utf8mb4 COLLATE=utf8mb4_unicode_ci;

--
-- 转存表中的数据 `activity_management`
--

INSERT INTO `activity_management` (`activityId`, `activityCategory`, `activityName`, `activityContent`, `activityStartTime`, `activityEndTime`, `activityLocation`, `created_at`, `updated_at`) VALUES
('A001', '說明會', '春季吉他班說明會', '說明會－時 間：2019年11月25日（一）晚上18:00~19:30費 用：免費地 點：台北市大安區辛亥路一段 (近台電大樓捷運站)', '2019-11-25 18:00:00', '2019-11-25 19:30:00', '台北市大安區辛亥路一段', '2019-10-01 16:10:33', '2020-04-27 20:25:24'),
('A002', '說明會', '春季鋼琴班說明會', '說明會－時 間：2019年12月11日（三）晚上18:00~19:30費 用：免費地 點：台北市大安區辛亥路一段 (近台電大樓捷運站)', '2019-12-11 18:00:00', '2019-12-11 19:30:00', '台北市大安區辛亥路一段', '2019-10-11 21:35:10', '2020-04-27 20:25:30'),
('A003', '講座', '鐵玫瑰音樂學院：大師講堂', '目的為拓展大眾對流行音樂的認識與視野，本活動邀請薛忠銘、王治平、侯志堅、許景淳、馬修連恩等樂壇大師，以結合說唱及現場音樂表演的方式，輕鬆地帶領大家進入寬廣的流行音樂世界。首場講堂6月28日（日）下午1時於桃園展演中心大廳展開，邀請到臺灣音樂大師、具豐富跨國製作經驗的王治平老師，以「音樂製作與跨國樂手的音樂合作」為題，結合講座及現場吉他演奏，與大家分享他的音樂故事。', '2019-12-11 18:00:00', '2019-12-11 19:30:00', '台北市忠孝東路五段482號15樓', '2019-12-01 18:00:10', '2020-04-27 20:26:15'),
('A004', '發表會', '春季中提琴班發表會', '發表會－\n時 間：2020年03月11日（三）晚上19:00~21:00\n地 點：台北市大安區辛亥路一段 (近台電大樓捷運站)', '2020-03-11 19:00:00', '2020-03-11 21:00:00', '台北市大安區辛亥路一段', '2020-02-26 13:10:25', '2020-04-27 20:25:57'),
('A005', '發表會', '春季小提琴班發表會', '發表會－時 間：2020年04月15日（三）晚上19:00~21:00地 點：台北市大安區辛亥路一段 (近台電大樓捷運站)', '2020-04-15 19:00:00', '2020-04-15 21:00:00', '台北市大安區辛亥路一段', '2020-03-10 16:22:15', '2020-04-27 20:30:41'),
('A006', '發表會', '春季鋼琴班發表會', '發表會－\n時 間：2020年04月18日（六）晚上19:00~21:00\n地 點：台北市大安區辛亥路一段 (近台電大樓捷運站)', '2020-04-18 19:00:00', '2020-04-18 21:00:00', '台北市大安區辛亥路一段', '2020-03-11 08:42:17', '2020-04-27 20:26:03'),
('A007', '說明會', '夏季吉他班說明會', '說明會－\n時 間：2020年04月25日（六）晚上18:00~19:30\n費 用：免費\n地 點：台北市大安區辛亥路一段 (近台電大樓捷運站)', '2020-04-25 18:00:00', '2020-04-25 19:30:00', '台北市大安區辛亥路一段', '2020-04-01 07:33:12', '2020-04-27 20:25:34'),
('A008', '說明會', '夏季小提琴班說明會', '說明會－\n時 間：2020年05月02日（六）晚上18:00~19:30\n費 用：免費\n地 點：台北市大安區辛亥路一段 (近台電大樓捷運站)', '2020-05-02 18:00:00', '2020-05-02 19:30:00', '台北市大安區辛亥路一段', '2020-03-02 12:10:11', '2020-04-27 20:25:37'),
('A009', '說明會', '夏季烏克莉莉班說明會', '說明會－\n時 間：2020年05月04日（一）晚上18:00~19:30\n費 用：免費\n地 點：台北市大安區辛亥路一段 (近台電大樓捷運站)', '2020-05-04 18:00:00', '2020-05-04 19:30:00', '台北市大安區辛亥路一段', '2020-04-10 15:16:42', '2020-04-27 20:25:42'),
('A010', '講座', '搖滾 BAND！變搖滾！', '好聲音與舞台表達極為重要，唱出自己的風格能讓觀眾耳目一新，肢體技能同樣不能忽視。由文化部影視及流行音樂產業局主辦、台灣音樂文化國際交流協會承辦的音樂巡迴講座「搖滾 BAND！變搖滾！」，第二季「Band 精彩」系列將從下週六 6/13 開跑，在台北舉辦講座，以「用一首歌的時間全面捕獲觀眾的心」為主題，邀請許多資深音樂人、製作人、經紀人、專業舞台 PA 和硬體總監等老師，分享如何打造獨一無二的現場演出。重點是，講座全程免費！', '2020-05-26 08:00:00', '2020-05-28 16:00:00', '新北市板橋區遠東路1號2樓', '2020-04-01 14:11:15', '2020-04-27 20:30:33');

-- --------------------------------------------------------

--
-- 表的结构 `admin`
--

CREATE TABLE `admin` (
  `id` int(11) NOT NULL COMMENT '流水號',
  `username` varchar(50) COLLATE utf8mb4_unicode_ci NOT NULL COMMENT '使用者帳號',
  `pwd` char(40) COLLATE utf8mb4_unicode_ci NOT NULL COMMENT '使用者密碼',
  `created_at` datetime NOT NULL DEFAULT CURRENT_TIMESTAMP COMMENT '新增時間',
  `updated_at` datetime NOT NULL DEFAULT CURRENT_TIMESTAMP ON UPDATE CURRENT_TIMESTAMP COMMENT '更新時間'
) ENGINE=InnoDB DEFAULT CHARSET=utf8mb4 COLLATE=utf8mb4_unicode_ci COMMENT='管理者帳號';

--
-- 转存表中的数据 `admin`
--

INSERT INTO `admin` (`id`, `username`, `pwd`, `created_at`, `updated_at`) VALUES
(1, 'test', 'a94a8fe5ccb19ba61c4c0873d391e987982fbbd3', '2019-12-05 00:43:04', '2019-12-05 00:43:04');

-- --------------------------------------------------------

--
-- 表的结构 `company`
--

CREATE TABLE `company` (
  `companyId` varchar(5) NOT NULL COMMENT '廠商編號',
  `companyName` varchar(20) NOT NULL COMMENT '廠商名稱',
  `companyIdADD` varchar(255) NOT NULL COMMENT '地址',
  `companyPhone` varchar(30) NOT NULL COMMENT '廠商電話',
  `principal` varchar(20) NOT NULL COMMENT '負責人',
  `principalPhone` varchar(30) NOT NULL COMMENT '負責人手機',
  `email` varchar(40) NOT NULL COMMENT '信箱',
  `companyPwd` varchar(255) NOT NULL COMMENT '密碼',
  `companyAddress` varchar(50) NOT NULL COMMENT '地址',
  `created_at` datetime NOT NULL DEFAULT CURRENT_TIMESTAMP COMMENT '建立時間',
  `updated_at` datetime NOT NULL DEFAULT CURRENT_TIMESTAMP ON UPDATE CURRENT_TIMESTAMP COMMENT '更新時間'
) ENGINE=InnoDB DEFAULT CHARSET=utf8mb4;

--
-- 转存表中的数据 `company`
--

INSERT INTO `company` (`companyId`, `companyName`, `companyIdADD`, `companyPhone`, `principal`, `principalPhone`, `email`, `companyPwd`, `companyAddress`, `created_at`, `updated_at`) VALUES
('F001', '徐美駿', '彰化縣彰化市崙平南路125號', '089281267', '徐美駿', '0923016490', 'teqwe4@yahoo.com.tw', 'a94a8fe5ccb19ba61c4c0873d391e987982fbbd3', '彰化縣彰化市崙平南路125號', '2019-11-25 13:18:00', '2020-06-23 00:41:16'),
('F002', '夏淑貞', '彰化縣彰化市崙平南路125號', '073368343', '夏淑貞', '0930016505', 'test42@gmail.com', '', '桃園市平鎮區太平西路99巷15號', '2019-11-26 13:18:00', '2019-11-25 13:18:00'),
('F003', '陸奕怡', '彰化縣彰化市崙平南路125號', '0298338372', '陸奕怡', '0963134688', 'husuia@yahoo.com', '', '屏東縣長治鄉德和路77號', '2019-11-27 13:18:00', '2019-11-25 13:18:00'),
('F004', '沈玉梅', '彰化縣彰化市崙平南路125號', '038227125', '沈玉梅', '0911163275', 't32estqrew22@gmail.com', '', '桃園市平鎮區太平西路99巷22號', '2019-11-28 13:18:00', '2019-11-25 13:18:00'),
('F005', '李淑敏', '彰化縣彰化市崙平南路125號', '087242498', '李淑敏', '0972314569', 'Lee_28@yahoo.com', '', '桃園市平鎮區太平西路99巷18號', '2019-11-29 13:18:00', '2019-11-25 13:18:00'),
('F006', '蔡軒諭', '彰化縣彰化市崙平南路125號', '0298338370', '蔡軒諭', '0991963270', 'test46@gmail.com', '', '屏東縣長治鄉德和路75號', '2019-11-30 13:18:00', '2019-11-25 13:18:00'),
('F007', '林裕寧', '彰化縣彰化市崙平南路125號', '082329081', '林裕寧', '0915163267', 'tes08457_t19@hotmail.com', '', '桃園市平鎮區太平西路99巷19號', '2019-12-01 13:18:00', '2019-11-25 13:18:00'),
('F008', '江佳妃', '彰化縣彰化市崙平南路125號', '033575952', '江佳妃', '0963134696', 'test49@gmail.com', '', '屏東縣長治鄉德和路82號', '2019-12-02 13:18:00', '2019-11-25 13:18:00'),
('F009', '張博胤', '彰化縣彰化市崙平南路125號', '073213375', '張博胤', '0972314568', 'guo2864@yahoo.com', '', '嘉義縣太保市高鐵西路173號', '2019-12-03 13:18:00', '2019-11-25 13:18:00'),
('F010', '張佑霖', '彰化縣彰化市崙平南路125號', '038227273', '張佑霖', '0930316488', 'hkhyst08@gmail.com', '', '屏東縣長治鄉德和路80號', '2019-12-04 13:18:00', '2019-11-25 13:18:00'),
('F011', '盛彥翔', '彰化縣彰化市崙平南路125號', '066855102', '盛彥翔', '0963134694', 'test13@yahoo.com.tw', '', '嘉義縣太保市高鐵西路174號', '2019-12-05 13:18:00', '2019-11-25 13:18:00'),
('F012', '彭俊憲', '彰化縣彰化市崙平南路125號', '089281025', '彭俊憲', '0963134237', 'rett02@gmail.com', '', '桃園市平鎮區太平西路99巷13號', '2019-12-06 13:18:00', '2019-11-25 13:18:00'),
('F013', '郎士哲', '彰化縣彰化市崙平南路125號', '082329081', '郎士哲', '0965134699', 'test41@gmail.com', '', '台北市大安區信義路四段149-2號', '2019-12-07 13:18:00', '2019-11-25 13:18:00'),
('F014', '黃玄豐', '彰化縣彰化市崙平南路125號', '039328779', '黃玄豐', '0912163265', 'test50@gmail.com', '', '台北市大安區信義路四段149-12號', '2019-12-08 13:18:00', '2019-11-25 13:18:00'),
('F015', '余柔喬', '彰化縣彰化市崙平南路125號', '082329081', '余柔喬', '0963134693', 'weng_12746@gmail.com', '', '彰化縣彰化市崙平南路126號', '2019-12-09 13:18:00', '0000-00-00 00:00:00'),
('F016', '黃雅昌', '彰化縣彰化市崙平南路125號', '066854508', '黃雅昌', '0930016495', '0897529386592@yahoo.com', '', '台北市大安區信義路四段149-5號', '2019-12-10 13:18:00', '0000-00-00 00:00:00'),
('F017', '陳素玫', '彰化縣彰化市崙平南路125號', '082329081', '陳素玫', '0930316500', 'tesasd7@yahoo.com.tw', '', '台北市大安區信義路四段149-11號', '2019-12-11 13:18:00', '0000-00-00 00:00:00'),
('F018', '吳欣潔', '彰化縣彰化市崙平南路125號', '087604952', '吳欣潔', '0911163273', 'tfsdf11@gmail.com', '', '台北市大安區羅斯福路149-10號', '2019-12-12 13:18:00', '0000-00-00 00:00:00'),
('F019', '賴建昆', '彰化縣彰化市崙平南路125號', '039322229', '賴建昆', '0930016492', 'sjeofsasda0@yahoo.com', '', '桃園市平鎮區太平西路99巷14號', '2019-12-13 13:18:00', '0000-00-00 00:00:00'),
('F020', '林彥山', '彰化縣彰化市崙平南路125號', '073368374', '林彥山', '0921163271', 'u54t5@gmail.com', '', '彰化縣彰化市崙平南路132號', '2019-12-14 13:18:00', '0000-00-00 00:00:00'),
('F021', '林百治', '彰化縣彰化市崙平南路125號', '038227171', '林百治', '0930016493', 'test44@gmail.com', '', '台北市大安區信義路四段149-6號', '2019-12-15 13:18:00', '0000-00-00 00:00:00'),
('F022', '宗恭威', '彰化縣彰化市崙平南路125號', '039328719', '宗恭威', '0930016504', 'test48@gmail.com', '', '嘉義縣太保市高鐵西路168號', '2019-12-16 13:18:00', '0000-00-00 00:00:00'),
('F023', '陳玉白', '彰化縣彰化市崙平南路125號', '052475836', '陳玉白', '0930016501', 'erett04@gmail.com', '', '屏東縣長治鄉德和路76號', '2019-12-17 13:18:00', '0000-00-00 00:00:00'),
('F024', '邱秀玲', '彰化縣彰化市崙平南路125號', '031227321', '邱秀玲', '0930216494', 'wu9823592le@gmail.com', '', '彰化縣彰化市崙平南路130號', '2019-12-18 13:18:00', '0000-00-00 00:00:00'),
('F025', '陸欣蓁', '彰化縣彰化市崙平南路125號', '067854802', '陸欣蓁', '0972314570', 'tes_231t21@hotmail.com', '', '彰化縣彰化市崙平南路129號', '2019-12-19 13:18:00', '0000-00-00 00:00:00'),
('F026', '本榮祿有限公司', '彰化縣彰化市崙平南路125號', '0298338369', '許雅雄', '0963134690', 'test47@gmail.com', '', '嘉義縣太保市高鐵西路170號', '2019-12-20 13:18:00', '0000-00-00 00:00:00'),
('F027', '聚全優有限公司', '彰化縣彰化市崙平南路125號', '087240888', '曾依勳', '0930016489', 'test12@yahoo.com', '', '屏東縣長治鄉德和路81號', '2019-12-21 13:18:00', '0000-00-00 00:00:00'),
('F028', '謙盛榮有限公司', '彰化縣彰化市崙平南路125號', '038522141', '鄭雅民', '0963134698', '098596725@gmail.com', '', '台北市大安區信義路四段149-13號', '2019-12-22 13:18:00', '0000-00-00 00:00:00'),
('F029', '富吉晶有限公司', '彰化縣彰化市崙平南路125號', '089282345', '鄭怡伶', '0932016497', 'zuklotg@yahoo.com.tw', '', '彰化縣彰化市崙平南路128號', '2019-12-23 13:18:00', '0000-00-00 00:00:00'),
('F030', '千廣優有限公司', '彰化縣彰化市崙平南路125號', '073263375', '李易江', '0911163278', 'Lee_27@yahoo.com.tw', '', '台北市大安區信義路四段149-7號', '2019-12-24 13:18:00', '0000-00-00 00:00:00'),
('F031', '國瑞鼎有限公司', '彰化縣彰化市崙平南路125號', '053371811', '邱正妤', '0963134695', 'utrrtwst03@gmail.com', '', '嘉義縣太保市高鐵西路171號', '2019-12-25 13:18:00', '0000-00-00 00:00:00'),
('F032', '慶廣如有限公司', '彰化縣彰化市崙平南路125號', '039328714', '何佳志', '0911163274', 'aeofhfitest29@yahoo.com', '', '台北市大安區信義路四段149-3號', '2019-12-26 13:18:00', '0000-00-00 00:00:00'),
('F033', '恒泰通有限公司', '彰化縣彰化市崙平南路125號', '039575953', '郭函昕', '0919163264', 'kelosjfm@hotmail.com', '', '彰化縣彰化市崙平南路127號', '2019-12-27 13:18:00', '0000-00-00 00:00:00'),
('F034', '弘瑞協有限公司', '彰化縣彰化市崙平南路125號', '089281050', '楊世昌', '0930216487', 'uiyuit10@gmail.com', '', '台北市大安區信義路四段149-1號', '2019-12-28 13:18:00', '0000-00-00 00:00:00'),
('F035', '盈鼎旺有限公司', '彰化縣彰化市崙平南路125號', '039574952', '翁承翰', '0930016491', 'te06798st24@yahoo.com.tw', '', '桃園市平鎮區太平西路99巷20號', '2019-12-29 13:18:00', '0000-00-00 00:00:00'),
('F036', '富光宏有限公司', '彰化縣彰化市崙平南路125號', '087340878', '吳威忠', '0963134697', 'test15@yahoo.com.tw', '', '台北市大安區信義路四段149-16號', '2019-12-30 13:18:00', '0000-00-00 00:00:00'),
('F037', '宏春仁有限公司', '彰化縣彰化市崙平南路125號', '0298338368', '朱芸辛', '0932163277', 'test_18@yahoo.com.tw', '', '嘉義縣太保市高鐵西路172號', '2019-12-31 13:18:00', '0000-00-00 00:00:00'),
('F038', '成厚亨有限公司', '彰化縣彰化市崙平南路125號', '053471866', '程勝樺', '0950016499', 't213f3t20@hotmail.com', '', '屏東縣長治鄉德和路79號', '2020-01-01 13:18:00', '0000-00-00 00:00:00'),
('F039', '謙利佳有限公司', '彰化縣彰化市崙平南路125號', '0298338371', '柯泓竹', '0963134691', '00920846@yahoo.com.tw', '', '嘉義縣太保市高鐵西路169號', '2020-01-02 13:18:00', '0000-00-00 00:00:00'),
('F040', '義信佳有限公司', '彰化縣彰化市崙平南路125號', '087304159', '徐逸蘋', '0933134689', 'qweqr06@gmail.com', '', '台北市大安區信義路四段149-15號', '2020-01-03 13:18:00', '0000-00-00 00:00:00'),
('F041', '貴順偉有限公司', '彰化縣彰化市崙平南路125號', '087230885', '陳怡盛', '0912163269', 'qwest1uy878@@yahoo.com.tw', '', '桃園市平鎮區太平西路99巷16號', '2020-01-04 13:18:00', '0000-00-00 00:00:00'),
('F042', '通聚有限公司', '彰化縣彰化市崙平南路125號', '087304179', '蘇祖玟', '0930016494', 'avs01@gmail.com', '', '台北市大安區信義路四段149-14號', '2020-01-05 13:18:00', '0000-00-00 00:00:00'),
('F043', '泰美有限公司', '彰化縣彰化市崙平南路125號', '039575952', '陳宗憲', '0911863268', '0988987654@yahoo.com', '', '台北市大安區信義路四段149-8號', '2020-01-06 13:18:00', '0000-00-00 00:00:00'),
('F044', '生潤有限公司', '彰化縣彰化市崙平南路125號', '066844202', '林美惠', '911163272', 'fdgst09@gmail.com', '', '桃園市平鎮區太平西路99巷21號', '2020-01-07 13:18:00', '0000-00-00 00:00:00'),
('F045', '亨凱有限公司', '彰化縣彰化市崙平南路125號', '053445826', '李孟涵', '0911163266', 'test_23@hotmail.com', '', '屏東縣長治鄉德和路78號', '2020-01-08 13:18:00', '0000-00-00 00:00:00'),
('F046', '協進有限公司', '彰化縣彰化市崙平南路125號', '087301239', '胡宜芳', '0913163276', 'test43@gmail.com', '', '彰化縣彰化市崙平南路131號', '2020-01-09 13:18:00', '0000-00-00 00:00:00'),
('F047', '乾欣有限公司', '彰化縣彰化市崙平南路125號', '053521462', '戴舜宜', '0930016503', 'test45@gmail.com', '', '台北市大安區信義路四段149-9號', '2020-01-10 13:18:00', '0000-00-00 00:00:00'),
('F048', '德本有限公司', '彰化縣彰化市崙平南路125號', '073368333', '宋玫林', '0930016498', 'yang_1903827@yahoo.com', '', '桃園市平鎮區太平西路99巷23號', '2020-01-11 13:18:00', '0000-00-00 00:00:00'),
('F049', '晶旺有限公司', '彰化縣彰化市崙平南路125號', '0298338367', '王淑貞', '0963134692', '090856432v30@yahoo.com', '', '台北市大安區信義路四段149-4號', '2020-01-12 13:18:00', '0000-00-00 00:00:00'),
('F050', '昌凱有限公司', '彰化縣彰化市崙平南路125號', '073233375', '張舒沛', '0930016502', 'tyhtj07@gmail.com', '', '桃園市平鎮區太平西路99巷17號', '2020-01-13 13:18:00', '0000-00-00 00:00:00');

-- --------------------------------------------------------

--
-- 表的结构 `Coupon`
--

CREATE TABLE `Coupon` (
  `id` int(20) UNSIGNED NOT NULL COMMENT '流水號',
  `user_id` varchar(11) COLLATE utf8mb4_unicode_ci NOT NULL COMMENT '優惠卷編碼',
  `number` varchar(20) COLLATE utf8mb4_unicode_ci NOT NULL COMMENT '優惠卷號碼',
  `content` varchar(20) COLLATE utf8mb4_unicode_ci NOT NULL COMMENT '優惠卷內容',
  `price` int(8) NOT NULL COMMENT '金額',
  `password` varchar(20) COLLATE utf8mb4_unicode_ci DEFAULT NULL COMMENT '優惠卷密碼',
  `use_date` date NOT NULL COMMENT '使用時間',
  `alidityv` date NOT NULL COMMENT '到期時間',
  `status` tinyint(4) NOT NULL COMMENT '-1 過期 0 未使用 1 已使用',
  `created_at` datetime DEFAULT CURRENT_TIMESTAMP,
  `updated_at` datetime DEFAULT CURRENT_TIMESTAMP ON UPDATE CURRENT_TIMESTAMP
) ENGINE=InnoDB DEFAULT CHARSET=utf8mb4 COLLATE=utf8mb4_unicode_ci;

--
-- 转存表中的数据 `Coupon`
--

INSERT INTO `Coupon` (`id`, `user_id`, `number`, `content`, `price`, `password`, `use_date`, `alidityv`, `status`, `created_at`, `updated_at`) VALUES
(1, 'A001', '1022001', '折價100', -100, 'HANDSOME111', '2020-05-01', '2020-05-31', 1, '2020-04-25 13:26:29', '2020-04-29 10:40:51'),
(2, 'A002', '1022002', '折價200', -200, 'SOGOOD777', '2020-05-01', '2020-05-31', 0, '2020-04-24 14:49:16', '2020-04-25 09:50:26'),
(3, 'A003', '1022003', '折價500', -500, 'VERYNICE888', '2020-05-01', '2020-05-31', 0, '2020-04-24 14:49:33', '2020-04-25 09:50:35'),
(4, 'A004', '1022004', '折價1000', -1000, 'PRETTY591', '2020-04-01', '2020-04-30', -1, '2020-04-24 14:49:01', '2020-04-28 11:48:53'),
(5, 'A005', '1022005', '免運費', -60, 'MUSIC666', '2020-04-01', '2020-04-30', -1, '2020-04-24 16:21:40', '2020-04-28 11:49:04'),
(7, 'A006', '1022006', '110', 100, 'MAX111', '2020-05-01', '2020-05-31', 0, '2020-04-29 13:46:30', '2020-04-29 13:46:30');

-- --------------------------------------------------------

--
-- 表的结构 `musical_category`
--

CREATE TABLE `musical_category` (
  `CategoryId` varchar(5) COLLATE utf8mb4_unicode_ci NOT NULL COMMENT '類別編號',
  `CategoryName` varchar(15) COLLATE utf8mb4_unicode_ci NOT NULL COMMENT '類別名稱',
  `created_at` datetime NOT NULL DEFAULT CURRENT_TIMESTAMP COMMENT '新增時間',
  `update_at` datetime NOT NULL DEFAULT CURRENT_TIMESTAMP ON UPDATE CURRENT_TIMESTAMP COMMENT '更新時間'
) ENGINE=InnoDB DEFAULT CHARSET=utf8mb4 COLLATE=utf8mb4_unicode_ci COMMENT='樂器類別';

--
-- 转存表中的数据 `musical_category`
--

INSERT INTO `musical_category` (`CategoryId`, `CategoryName`, `created_at`, `update_at`) VALUES
('1', '鋼琴', '2020-03-03 14:18:00', '2020-03-04 14:18:00'),
('2', '電子琴', '2020-03-04 14:18:00', '2020-03-05 14:18:00'),
('3', '小提琴', '2020-03-05 14:18:00', '2020-03-06 14:18:00'),
('4', '中提琴', '2020-03-06 14:18:00', '2020-03-07 14:18:00'),
('5', '薩克斯風', '2020-03-07 14:18:00', '2020-03-08 14:18:00'),
('6', '長笛', '2020-03-08 14:18:00', '2020-03-09 14:18:00'),
('7', '烏克莉莉', '2020-03-09 14:18:00', '2020-03-10 14:18:00'),
('8', '爵士鼓', '2020-03-10 14:18:00', '2020-03-11 14:18:00');

-- --------------------------------------------------------

--
-- 表的结构 `ordertable`
--

CREATE TABLE `ordertable` (
  `orderid` int(5) NOT NULL COMMENT '訂單編號',
  `userID` varchar(10) COLLATE utf8mb4_unicode_ci DEFAULT NULL COMMENT '會員編號',
  `name` varchar(11) COLLATE utf8mb4_unicode_ci DEFAULT NULL COMMENT '會員姓名',
  `pay` enum('ATM','Card','Store') COLLATE utf8mb4_unicode_ci DEFAULT NULL COMMENT '付款方式',
  `logistics` enum('出貨完成','出貨中','尚未出貨','無') COLLATE utf8mb4_unicode_ci DEFAULT NULL COMMENT '物流狀態',
  `status` enum('已退貨','已成立','已取消') COLLATE utf8mb4_unicode_ci DEFAULT NULL COMMENT '訂單狀態',
  `cashflow` enum('已付款','未付款') COLLATE utf8mb4_unicode_ci DEFAULT NULL COMMENT '金流狀態',
  `amount` varchar(11) COLLATE utf8mb4_unicode_ci DEFAULT NULL COMMENT '總共金額',
  `create_at` datetime NOT NULL DEFAULT CURRENT_TIMESTAMP COMMENT '建立時間',
  `update_at` datetime NOT NULL DEFAULT CURRENT_TIMESTAMP ON UPDATE CURRENT_TIMESTAMP COMMENT '更新時間',
  `cancel_at` datetime DEFAULT NULL COMMENT '取消時間'
) ENGINE=InnoDB DEFAULT CHARSET=utf8mb4 COLLATE=utf8mb4_unicode_ci;

--
-- 转存表中的数据 `ordertable`
--

INSERT INTO `ordertable` (`orderid`, `userID`, `name`, `pay`, `logistics`, `status`, `cashflow`, `amount`, `create_at`, `update_at`, `cancel_at`) VALUES
(1, 'U0001', '傅振帆', 'ATM', '出貨完成', '已退貨', '已付款', '81000', '2020-04-29 13:15:24', '2020-04-29 14:33:55', '0000-00-00 00:00:00'),
(2, 'U0002', '蔡孟洋', 'Store', '出貨完成', '已退貨', '已付款', '81000', '2020-03-04 14:18:46', '2020-03-05 14:18:46', '0000-00-00 00:00:00'),
(3, 'U0003', '謝凱成', 'Card', '出貨中', '已退貨', '已付款', '100000', '2020-03-05 14:18:46', '2020-03-06 14:18:46', '0000-00-00 00:00:00'),
(4, 'U0004', '鄭志賢', 'ATM', '出貨完成', '已退貨', '已付款', '46000', '2020-03-06 14:18:46', '2020-03-07 14:18:46', '0000-00-00 00:00:00'),
(5, 'U0005', '劉原花', 'Card', '出貨中', '已退貨', '已付款', '138000', '2020-03-07 14:18:46', '2020-03-08 14:18:46', '0000-00-00 00:00:00'),
(6, 'U0006', '張月亦', 'Store', '出貨完成', '已退貨', '已付款', '46000', '2020-03-08 14:18:46', '2020-03-09 14:18:46', '0000-00-00 00:00:00'),
(7, 'U0007', '李家瑜', 'ATM', '出貨中', '已退貨', '已付款', '28000', '2020-03-09 14:18:46', '2020-03-10 14:18:46', '0000-00-00 00:00:00'),
(8, 'U0008', '張佳蓉', 'Card', '出貨完成', '已退貨', '已付款', '84000', '2020-03-10 14:18:46', '2020-03-11 14:18:46', '0000-00-00 00:00:00'),
(9, 'U0009', '彭淑玲', 'ATM', '出貨完成', '已退貨', '已付款', '2799', '2020-03-11 14:18:46', '2020-03-12 14:18:46', '0000-00-00 00:00:00'),
(10, 'U0010', '楊嘉文', 'ATM', '出貨完成', '已退貨', '已付款', '17000', '2020-03-12 14:18:46', '2020-03-13 14:18:46', '0000-00-00 00:00:00'),
(11, 'U0011', '張怡雯', 'Store', '出貨中', '已退貨', '已付款', '49000', '2020-03-13 14:18:46', '2020-03-14 14:18:46', '0000-00-00 00:00:00'),
(12, 'U0012', '李嬌樂', 'Card', '無', '已退貨', '已付款', '1000', '2020-03-14 14:18:46', '2020-04-27 15:02:45', '0000-00-00 00:00:00'),
(13, 'U0013', '陳佳恭', 'ATM', '無', '已退貨', '未付款', '1000', '2020-03-15 14:18:46', '2020-04-27 15:02:51', '0000-00-00 00:00:00'),
(14, 'U0014', '郭裕堅', 'Card', '無', '已退貨', '已付款', '2000', '2020-03-16 14:18:46', '2020-04-27 15:02:59', '0000-00-00 00:00:00'),
(15, 'U0015', '陳宗翰', 'Card', '無', '已退貨', '未付款', '1000', '2020-03-17 14:18:46', '2020-04-27 15:03:03', '0000-00-00 00:00:00'),
(16, 'U0016', '鄭國榮', 'ATM', '無', '已退貨', '已付款', '2000', '2020-03-18 14:18:46', '2020-04-27 15:03:06', '0000-00-00 00:00:00'),
(17, 'U0017', '柳阿孜', 'ATM', '無', '已退貨', '未付款', '2500', '2020-03-19 14:18:46', '2020-04-27 15:03:11', '0000-00-00 00:00:00'),
(18, 'U0018', '戴宜裕', 'Card', '無', '已退貨', '已付款', '500', '2020-03-20 14:18:46', '2020-04-27 15:03:16', '0000-00-00 00:00:00'),
(19, 'U0019', '張惠誠', 'ATM', '出貨中', '已退貨', '已付款', '1980', '2020-03-21 14:18:46', '2020-03-22 14:18:46', '0000-00-00 00:00:00'),
(20, 'U0020', '許小亦', 'Card', '尚未出貨', '已退貨', '已付款', '5000', '2020-03-22 14:18:46', '2020-03-23 14:18:46', '0000-00-00 00:00:00'),
(21, 'U0021', '王木臻', 'Store', '出貨完成', '已退貨', '已付款', '6300', '2020-03-23 14:18:46', '2020-03-24 14:18:46', '0000-00-00 00:00:00'),
(22, 'U0022', '張德昇', 'ATM', '出貨中', '已退貨', '已付款', '4200', '2020-03-24 14:18:46', '2020-03-25 14:18:46', '0000-00-00 00:00:00'),
(23, 'U0023', '謝儒強', 'Store', '出貨完成', '已退貨', '已付款', '5700', '2020-03-25 14:18:46', '2020-03-26 14:18:46', '0000-00-00 00:00:00'),
(24, 'U0024', '陳尹州', 'Card', '出貨中', '已退貨', '已付款', '6840', '2020-03-26 14:18:46', '2020-03-27 14:18:46', '0000-00-00 00:00:00'),
(25, 'U0025', '王志穎', 'ATM', '出貨完成', '已退貨', '已付款', '6560', '2020-03-27 14:18:46', '2020-03-28 14:18:46', '0000-00-00 00:00:00'),
(26, 'U0026', '趙佳蓉', 'Store', '出貨完成', '已退貨', '已付款', '18000', '2020-03-28 14:18:46', '2020-03-29 14:18:46', '0000-00-00 00:00:00'),
(27, 'U0027', '金姵福', 'Card', '出貨中', '已退貨', '已付款', '14000', '2020-03-29 14:18:46', '2020-03-30 14:18:46', '0000-00-00 00:00:00'),
(28, 'U0028', '張合凱', 'ATM', '出貨完成', '已退貨', '已付款', '281500', '2020-03-30 14:18:46', '2020-03-31 14:18:46', '0000-00-00 00:00:00'),
(29, 'U0029', '劉名宣', 'Card', '出貨中', '已退貨', '已付款', '32280', '2020-03-31 14:18:46', '2020-04-01 14:18:46', '0000-00-00 00:00:00'),
(30, 'U0030', '黃力紫', 'Store', '尚未出貨', '已退貨', '已付款', '27600', '2020-04-01 14:18:46', '2020-04-02 14:18:46', '0000-00-00 00:00:00'),
(31, 'U0031', '黃佳良', 'ATM', '出貨完成', '已取消', '已付款', '13180', '2020-04-02 14:18:46', '2020-04-03 14:18:46', '0000-00-00 00:00:00'),
(32, 'U0032', '蔣俊嘉', 'Card', '出貨中', '已成立', '已付款', '9230', '2020-04-03 14:18:46', '2020-04-04 14:18:46', '0000-00-00 00:00:00'),
(33, 'U0033', '廖育瑩', 'Store', '出貨完成', '已成立', '已付款', '49420', '2020-04-04 14:18:46', '2020-04-05 14:18:46', '0000-00-00 00:00:00'),
(34, 'U0034', '陳昭成', 'ATM', '出貨中', '已成立', '已付款', '163800', '2020-04-05 14:18:46', '2020-04-06 14:18:46', '0000-00-00 00:00:00'),
(35, 'U0035', '陳筱涵', 'Store', '出貨完成', '已取消', '已付款', '83200', '2020-04-06 14:18:46', '2020-04-07 14:18:46', '2020-04-08 14:18:46'),
(36, 'U0036', '蔡信宏', 'Card', '尚未出貨', '已成立', '已付款', '16400', '2020-04-07 14:18:46', '2020-04-08 14:18:46', '0000-00-00 00:00:00'),
(37, 'U0037', '錢雅婷', 'ATM', '出貨完成', '已取消', '已付款', '429300', '2020-04-08 14:18:46', '2020-04-09 14:18:46', '2020-04-10 14:18:46'),
(38, 'U0038', '楊佳宏', 'Card', '尚未出貨', '已成立', '已付款', '183690', '2020-04-09 14:18:46', '2020-04-10 14:18:46', '0000-00-00 00:00:00'),
(39, 'U0039', '張怡如', 'Store', '出貨完成', '已成立', '已付款', '144400', '2020-04-10 14:18:46', '2020-04-11 14:18:46', '0000-00-00 00:00:00'),
(40, 'U0040', '王俊賢', 'ATM', '無', '已取消', '已付款', '4000', '2020-04-11 14:18:46', '2020-04-27 15:03:30', '2020-04-13 14:18:46'),
(41, 'U0041', '賴榮興', 'Card', '無', '已取消', '已付款', '4000', '2020-04-12 14:18:46', '2020-04-27 15:03:33', '2020-04-14 14:18:46'),
(42, 'U0042', '陳奕郁', 'Card', '無', '已成立', '未付款', '8000', '2020-04-13 14:18:46', '2020-04-27 15:03:40', '0000-00-00 00:00:00'),
(43, 'U0043', '侯美玲', 'ATM', '無', '已成立', '已付款', '4000', '2020-04-14 14:18:46', '2020-04-27 15:03:45', '0000-00-00 00:00:00'),
(44, 'U0044', '盧宗達', 'Store', '無', '已取消', '已付款', '2500', '2020-04-15 14:18:46', '2020-04-27 15:03:48', '2020-04-17 14:18:46'),
(45, 'U0045', '崔意婷', 'Card', '無', '已取消', '已付款', '5000', '2020-04-16 14:18:46', '2020-04-27 15:03:53', '2020-04-18 14:18:46'),
(46, 'U0046', '鄧可成', 'ATM', '無', '已成立', '未付款', '2500', '2020-04-17 14:18:46', '2020-04-27 15:03:56', '0000-00-00 00:00:00'),
(47, 'U0047', '謝文劭', 'Card', '無', '已成立', '已付款', '2500', '2020-04-18 14:18:46', '2020-04-27 15:03:59', '0000-00-00 00:00:00'),
(48, 'U0048', '陸政翰', 'Store', '無', '已取消', '已付款', '6500', '2020-04-19 14:18:46', '2020-04-27 15:04:05', '2020-04-21 14:18:46'),
(49, 'U0049', '孫鈺婷', 'ATM', '無', '已取消', '未付款', '5000', '2020-04-20 14:18:46', '2020-04-27 15:04:08', '2020-04-22 14:18:46'),
(50, 'U0050', '周佳孝', 'ATM', '出貨完成', '已成立', '已付款', '5000', '2020-04-21 14:18:46', '2020-04-30 12:51:55', '0000-00-00 00:00:00'),
(51, 'U0053', '小明', 'ATM', '出貨完成', '已成立', '已付款', NULL, '2020-04-30 16:14:10', '2020-04-30 16:14:10', NULL);

-- --------------------------------------------------------

--
-- 表的结构 `product`
--

CREATE TABLE `product` (
  `PId` varchar(10) COLLATE utf8mb4_unicode_ci NOT NULL COMMENT '商品編號',
  `PName` varchar(100) COLLATE utf8mb4_unicode_ci DEFAULT NULL COMMENT '商品名稱',
  `PImg` varchar(200) COLLATE utf8mb4_unicode_ci DEFAULT NULL COMMENT '圖片檔名',
  `PVideo` varchar(100) COLLATE utf8mb4_unicode_ci DEFAULT NULL COMMENT '影片檔名',
  `PPrice` varchar(7) COLLATE utf8mb4_unicode_ci DEFAULT NULL COMMENT '商品價格',
  `PQty` varchar(50) COLLATE utf8mb4_unicode_ci NOT NULL COMMENT '商品數量/人數 PQty',
  `PTime` varchar(50) COLLATE utf8mb4_unicode_ci DEFAULT NULL COMMENT '影片時數 ',
  `PDate` varchar(255) COLLATE utf8mb4_unicode_ci NOT NULL COMMENT '上課日期',
  `PIntro` varchar(255) COLLATE utf8mb4_unicode_ci NOT NULL COMMENT '商品簡介',
  `PDesciption` varchar(100) COLLATE utf8mb4_unicode_ci DEFAULT NULL COMMENT '商品描述',
  `PCategoryId` varchar(20) COLLATE utf8mb4_unicode_ci DEFAULT NULL COMMENT '商品類別編號',
  `PInstrumentId` varchar(20) COLLATE utf8mb4_unicode_ci DEFAULT NULL COMMENT '樂器類別編號',
  `PCompanyId` varchar(20) COLLATE utf8mb4_unicode_ci DEFAULT NULL COMMENT '上架廠商編號',
  `created_at` datetime NOT NULL DEFAULT CURRENT_TIMESTAMP COMMENT '新增時間',
  `update_at` datetime NOT NULL DEFAULT CURRENT_TIMESTAMP ON UPDATE CURRENT_TIMESTAMP COMMENT '更新時間'
) ENGINE=InnoDB DEFAULT CHARSET=utf8mb4 COLLATE=utf8mb4_unicode_ci COMMENT='商品';

--
-- 转存表中的数据 `product`
--

INSERT INTO `product` (`PId`, `PName`, `PImg`, `PVideo`, `PPrice`, `PQty`, `PTime`, `PDate`, `PIntro`, `PDesciption`, `PCategoryId`, `PInstrumentId`, `PCompanyId`, `created_at`, `update_at`) VALUES
('P0001', '【七月】鋼琴 - 平日班', 'Product_20200423164200.jpg', NULL, '8000', '2', NULL, '2020-7-20', '【七月】鋼琴 - 平日班', '【七月】鋼琴 - 平日班', 'C', '1', NULL, '2020-03-03 14:18:00', '2020-06-23 00:34:04'),
('P0002', '【八月】鋼琴 - 平日班', 'Product_20200423164201.jpg', NULL, '8000', '2', NULL, '2020-7-20', '', '【八月】鋼琴 - 平日班', 'C', '1', NULL, '2020-03-04 14:18:00', '2020-06-23 00:32:10'),
('P0003', '【九月】鋼琴 - 平日班', 'Product_20200423164202.jpg', '', '8000', '2', NULL, '2020-7-20', '', '【九月】鋼琴 - 平日班', 'C', '1', '', '2020-03-05 14:18:00', '2020-06-23 00:32:10'),
('P0004', '【十月】鋼琴 - 平日班', 'Product_20200423164203.jpg', '', '8000', '2', NULL, '2020-7-20', '', '【十月】鋼琴 - 平日班', 'C', '1', '', '2020-03-06 14:18:00', '2020-06-23 00:32:10'),
('P0005', '【十一月】鋼琴 - 平日班', 'Product_20200423164204.jpg', '', '8000', '2', NULL, '2020-7-20', '', '【十一月】鋼琴 - 平日班', 'C', '1', '', '2020-03-07 14:18:00', '2020-06-23 00:32:10'),
('P0006', '【十二月】鋼琴 - 平日班', 'Product_20200423164205.jpg', '', '8000', '2', NULL, '2020-7-20', '', '【十二月】鋼琴 - 平日班', 'C', '1', '', '2020-03-08 14:18:00', '2020-06-23 00:32:10'),
('P0007', '【七月】電子琴 - 平日班', 'Product_20200423164206.jpg', '', '5000', '2', NULL, '2020-7-20', '', '【七月】電子琴 - 平日班', 'C', '2', '', '2020-03-09 14:18:00', '2020-06-23 00:32:10'),
('P0008', '【八月】電子琴 - 平日班', 'Product_20200423164207.jpg', '', '5000', '', NULL, '2020-7-20', '', '【八月】電子琴 - 平日班', 'C', '2', '', '2020-03-10 14:18:00', '2020-06-23 00:32:10'),
('P0009', '【九月】電子琴 - 平日班', 'Product_20200423164208.jpg', '', '5000', '', NULL, '', '', '【九月】電子琴 - 平日班', 'C', '2', '', '2020-03-11 14:18:00', '2020-03-12 14:18:00'),
('P0010', '【十月】電子琴 - 平日班', 'Product_20200423164209.jpg', '', '5000', '', NULL, '', '', '', 'C', '2', '', '2020-03-12 14:18:00', '2020-06-23 00:32:10'),
('P0011', '【十一月】電子琴 - 平日班', 'Product_20200423164210.jpg', '', '5000', '', NULL, '', '', '【十一月】電子琴 - 平日班', 'C', '2', '', '2020-03-13 14:18:00', '2020-03-14 14:18:00'),
('P0012', '【十二月】電子琴 - 平日班', 'Product_20200423164211.jpg', '', '5000', '', NULL, '', '', '【十二月】電子琴 - 平日班', 'C', '2', '', '2020-03-14 14:18:00', '2020-03-15 14:18:00'),
('P0013', '【七月】小提琴 - 平日班', 'Product_20200423164212.jpg', '', '8000', '', NULL, '', '', '【七月】小提琴 - 平日班', 'C', '3', '', '2020-03-15 14:18:00', '2020-03-16 14:18:00'),
('P0014', '【八月】小提琴 - 平日班', 'Product_20200423164213.jpg', '', '8000', '', NULL, '', '', '【八月】小提琴 - 平日班', 'C', '3', '', '2020-03-16 14:18:00', '2020-03-17 14:18:00'),
('P0015', '【九月】小提琴 - 平日班', 'Product_20200423164214.jpg', '', '8000', '', NULL, '', '', '【九月】小提琴 - 平日班', 'C', '3', '', '2020-03-17 14:18:00', '2020-03-18 14:18:00'),
('P0016', '【十月】小提琴 - 平日班', 'Product_20200423164215.jpg', '', '8000', '', NULL, '', '', '【十月】小提琴 - 平日班', 'C', '3', '', '2020-03-18 14:18:00', '2020-03-19 14:18:00'),
('P0017', '【十一月】小提琴 - 平日班', 'Product_20200423164216.jpg', '', '8000', '', NULL, '', '', '【十一月】小提琴 - 平日班', 'C', '3', '', '2020-03-19 14:18:00', '2020-03-20 14:18:00'),
('P0018', '【十二月】小提琴 - 平日班', 'Product_20200423164217.jpg', '', '8000', '', NULL, '', '', '【十二月】小提琴 - 平日班', 'C', '3', '', '2020-03-20 14:18:00', '2020-03-21 14:18:00'),
('P0019', '【七月】中提琴 - 平日班', 'Product_20200423164218.jpg', '', '7000', '', NULL, '', '', '【七月】中提琴 - 平日班', 'C', '4', '', '2020-03-21 14:18:00', '2020-03-22 14:18:00'),
('P0020', '【八月】中提琴 - 平日班', 'Product_20200423164219.jpg', '', '7000', '', NULL, '', '', '【八月】中提琴 - 平日班', 'C', '4', '', '2020-03-22 14:18:00', '2020-03-23 14:18:00'),
('P0021', '【九月】中提琴 - 平日班', 'Product_20200423164220.jpg', '', '7000', '', NULL, '', '', '【九月】中提琴 - 平日班', 'C', '4', '', '2020-03-23 14:18:00', '2020-03-24 14:18:00'),
('P0022', '【十月】中提琴 - 平日班', 'Product_20200423164221.jpg', '', '7000', '', NULL, '', '', '【十月】中提琴 - 平日班', 'C', '4', '', '2020-03-24 14:18:00', '2020-03-25 14:18:00'),
('P0023', '【十一月】中提琴 - 平日班', 'Product_20200423164222.jpg', '', '7000', '', NULL, '', '', '【十一月】中提琴 - 平日班', 'C', '4', '', '2020-03-25 14:18:00', '2020-03-26 14:18:00'),
('P0024', '【十二月】中提琴 - 平日班', 'Product_20200423164223.jpg', '', '7000', '', NULL, '', '', '【十二月】中提琴 - 平日班', 'C', '4', '', '2020-03-26 14:18:00', '2020-03-27 14:18:00'),
('P0025', '【七月】薩克斯風 - 平日班', 'Product_20200423164224.jpg', '', '8000', '', NULL, '', '', '【七月】薩克斯風 - 平日班', 'C', '5', '', '2020-03-27 14:18:00', '2020-03-28 14:18:00'),
('P0026', '【八月】薩克斯風 - 平日班', 'Product_20200423164225.jpg', '', '8000', '', NULL, '', '', '【八月】薩克斯風 - 平日班', 'C', '5', '', '2020-03-28 14:18:00', '2020-03-29 14:18:00'),
('P0027', '【九月】薩克斯風 - 平日班', 'Product_20200423164226.jpg', '', '8000', '', NULL, '', '', '【九月】薩克斯風 - 平日班', 'C', '5', '', '2020-03-29 14:18:00', '2020-03-30 14:18:00'),
('P0028', '【十月】薩克斯風 - 平日班', 'Product_20200423164227.jpg', '', '8000', '', NULL, '', '', '【十月】薩克斯風 - 平日班', 'C', '5', '', '2020-03-30 14:18:00', '2020-03-31 14:18:00'),
('P0029', '【十一月】薩克斯風 - 平日班', 'Product_20200423164228.jpg', '', '8000', '', NULL, '', '', '【十一月】薩克斯風 - 平日班', 'C', '5', '', '2020-03-31 14:18:00', '2020-04-01 14:18:00'),
('P0030', '【十二月】薩克斯風 - 平日班', 'Product_20200423164229.jpg', '', '8000', '', NULL, '', '', '【十二月】薩克斯風 - 平日班', 'C', '5', '', '2020-04-01 14:18:00', '2020-04-02 14:18:00'),
('P0031', '【七月】長笛 - 平日班', 'Product_20200423164230.jpg', '', '8000', '', NULL, '', '', '【七月】長笛 - 平日班', 'C', '6', '', '2020-04-02 14:18:00', '2020-04-03 14:18:00'),
('P0032', '【八月】長笛 - 平日班', 'Product_20200423164231.jpg', '', '8000', '', NULL, '', '', '【八月】長笛 - 平日班', 'C', '6', '', '2020-04-03 14:18:00', '2020-04-04 14:18:00'),
('P0033', '【九月】長笛 - 平日班', 'Product_20200423164232.jpg', '', '8000', '', NULL, '', '', '【九月】長笛 - 平日班', 'C', '6', '', '2020-04-04 14:18:00', '2020-04-05 14:18:00'),
('P0034', '【十月】長笛 - 平日班', 'Product_20200423164233.jpg', '', '8000', '', NULL, '', '', '【十月】長笛 - 平日班', 'C', '6', '', '2020-04-05 14:18:00', '2020-04-06 14:18:00'),
('P0035', '【十一月】長笛 - 平日班', 'Product_20200423164234.jpg', '', '8000', '', NULL, '', '', '【十一月】長笛 - 平日班', 'C', '6', '', '2020-04-06 14:18:00', '2020-04-07 14:18:00'),
('P0036', '【十二月】長笛 - 平日班', 'Product_20200423164235.jpg', '', '8000', '', NULL, '', '', '【十二月】長笛 - 平日班', 'C', '6', '', '2020-04-07 14:18:00', '2020-04-08 14:18:00'),
('P0037', '【七月】烏克莉莉 - 平日班', 'Product_20200423164236.jpg', '', '4000', '', NULL, '', '', '【七月】烏克莉莉 - 平日班', 'C', '7', '', '2020-04-08 14:18:00', '2020-04-09 14:18:00'),
('P0038', '【八月】烏克莉莉 - 平日班', 'Product_20200423164237.jpg', '', '4000', '', NULL, '', '', '【八月】烏克莉莉 - 平日班', 'C', '7', '', '2020-04-09 14:18:00', '2020-04-10 14:18:00'),
('P0039', '【九月】烏克莉莉 - 平日班', 'Product_20200423164238.jpg', '', '4000', '', NULL, '', '', '【九月】烏克莉莉 - 平日班', 'C', '7', '', '2020-04-10 14:18:00', '2020-04-11 14:18:00'),
('P0040', '【十月】烏克莉莉 - 平日班', 'Product_20200423164239.jpg', '', '4000', '', NULL, '', '', '【十月】烏克莉莉 - 平日班', 'C', '7', '', '2020-04-11 14:18:00', '2020-04-12 14:18:00'),
('P0041', '【十一月】烏克莉莉 - 平日班', 'Product_20200423164240.jpg', '', '4000', '', NULL, '', '', '【十一月】烏克莉莉 - 平日班', 'C', '7', '', '2020-04-12 14:18:00', '2020-04-13 14:18:00'),
('P0042', '【十二月】烏克莉莉 - 平日班', 'Product_20200423164241.jpg', '', '4000', '', NULL, '', '', '【十二月】烏克莉莉 - 平日班', 'C', '7', '', '2020-04-13 14:18:00', '2020-04-14 14:18:00'),
('P0043', '【七月】爵士鼓 - 平日班', 'Product_20200423164242.jpg', '', '4000', '', NULL, '', '', '【七月】爵士鼓 - 平日班', 'C', '8', '', '2020-04-14 14:18:00', '2020-04-15 14:18:00'),
('P0044', '【八月】爵士鼓 - 平日班', 'Product_20200423164243.jpg', '', '4000', '', NULL, '', '', '【八月】爵士鼓 - 平日班', 'C', '8', '', '2020-04-15 14:18:00', '2020-04-16 14:18:00'),
('P0045', '【九月】爵士鼓 - 平日班', 'Product_20200423164244.jpg', '', '4000', '', NULL, '', '', '【九月】爵士鼓 - 平日班', 'C', '8', '', '2020-04-16 14:18:00', '2020-04-17 14:18:00'),
('P0046', '【十月】爵士鼓 - 平日班', 'Product_20200423164245.jpg', '', '4000', '', NULL, '', '', '【十月】爵士鼓 - 平日班', 'C', '8', '', '2020-04-17 14:18:00', '2020-04-18 14:18:00'),
('P0047', '【十一月】爵士鼓 - 平日班', 'Product_20200423164246.jpg', '', '4000', '', NULL, '', '', '【十一月】爵士鼓 - 平日班', 'C', '8', '', '2020-04-18 14:18:00', '2020-04-19 14:18:00'),
('P0048', '【十二月】爵士鼓 - 平日班', 'Product_20200423164247.jpg', '', '4000', '', NULL, '', '', '【十二月】爵士鼓 - 平日班', 'C', '8', '', '2020-04-19 14:18:00', '2020-04-20 14:18:00'),
('P0049', '【七月】鋼琴 - 假日班', 'Product_20200423164248.jpg', '', '4000', '', NULL, '', '', '【七月】鋼琴 - 假日班', 'C', '1', '', '2020-04-20 14:18:00', '2020-04-21 14:18:00'),
('P0050', '【八月】鋼琴 - 假日班', 'Product_20200423164249.jpg', '', '4000', '', NULL, '', '', '【八月】鋼琴 - 假日班', 'C', '1', '', '2020-04-21 14:18:00', '2020-04-22 14:18:00'),
('P0051', '【九月】鋼琴 - 假日班', 'Product_20200423164250.jpg', '', '4000', '', NULL, '', '', '【九月】鋼琴 - 假日班', 'C', '1', '', '2020-04-22 14:18:00', '2020-04-23 14:18:00'),
('P0052', '【十月】鋼琴 - 假日班', 'Product_20200423164251.jpg', '', '4000', '', NULL, '', '', '【十月】鋼琴 - 假日班', 'C', '1', '', '2020-04-23 14:18:00', '2020-04-24 14:18:00'),
('P0053', '【十一月】鋼琴 - 假日班', 'Product_20200423164252.jpg', '', '4000', '', NULL, '', '', '【十一月】鋼琴 - 假日班', 'C', '1', '', '2020-04-24 14:18:00', '2020-04-25 14:18:00'),
('P0054', '【十二月】鋼琴 - 假日班', 'Product_20200423164253.jpg', '', '4000', '', NULL, '', '', '【十二月】鋼琴 - 假日班', 'C', '1', '', '2020-04-25 14:18:00', '2020-04-26 14:18:00'),
('P0055', '【七月】電子琴 - 假日班', 'Product_20200423164254.jpg', '', '2500', '', NULL, '', '', '【七月】電子琴 - 假日班', 'C', '2', '', '2020-04-26 14:18:00', '2020-04-27 14:18:00'),
('P0056', '【八月】電子琴 - 假日班', 'Product_20200423164255.jpg', '', '2500', '', NULL, '', '', '【八月】電子琴 - 假日班', 'C', '2', '', '2020-04-27 14:18:00', '2020-04-28 14:18:00'),
('P0057', '【九月】電子琴 - 假日班', 'Product_20200423164256.jpg', '', '2500', '', NULL, '', '', '【九月】電子琴 - 假日班', 'C', '2', '', '2020-04-28 14:18:00', '2020-04-29 14:18:00'),
('P0058', '【十月】電子琴 - 假日班', 'Product_20200423164257.jpg', '', '2500', '', NULL, '', '', '【十月】電子琴 - 假日班', 'C', '2', '', '2020-04-29 14:18:00', '2020-04-30 14:18:00'),
('P0059', '【十一月】電子琴 - 假日班', 'Product_20200423164258.jpg', '', '2500', '', NULL, '', '', '【十一月】電子琴 - 假日班', 'C', '2', '', '2020-04-30 14:18:00', '2020-05-01 14:18:00'),
('P0060', '【十二月】電子琴 - 假日班', 'Product_20200423164259.jpg', '', '2500', '', NULL, '', '', '【十二月】電子琴 - 假日班', 'C', '2', '', '2020-05-01 14:18:00', '2020-05-02 14:18:00'),
('P0061', '【七月】小提琴 - 假日班', 'Product_20200423164300.jpg', '', '4000', '', NULL, '', '', '【七月】小提琴 - 假日班', 'C', '3', '', '2020-05-02 14:18:00', '2020-05-03 14:18:00'),
('P0062', '【八月】小提琴 - 假日班', 'Product_20200423164301.jpg', '', '4000', '', NULL, '', '', '【八月】小提琴 - 假日班', 'C', '3', '', '2020-05-03 14:18:00', '2020-05-04 14:18:00'),
('P0063', '【九月】小提琴 - 假日班', 'Product_20200423164302.jpg', '', '4000', '', NULL, '', '', '【九月】小提琴 - 假日班', 'C', '3', '', '2020-05-04 14:18:00', '2020-05-05 14:18:00'),
('P0064', '【十月】小提琴 - 假日班', 'Product_20200423164303.jpg', '', '4000', '', NULL, '', '', '【十月】小提琴 - 假日班', 'C', '3', '', '2020-05-05 14:18:00', '2020-05-06 14:18:00'),
('P0065', '【十一月】小提琴 - 假日班', 'Product_20200423164304.jpg', '', '4000', '', NULL, '', '', '【十一月】小提琴 - 假日班', 'C', '3', '', '2020-05-06 14:18:00', '2020-05-07 14:18:00'),
('P0066', '【十二月】小提琴 - 假日班', 'Product_20200423164305.jpg', '', '4000', '', NULL, '', '', '【十二月】小提琴 - 假日班', 'C', '3', '', '2020-05-07 14:18:00', '2020-05-08 14:18:00'),
('P0067', '【七月】中提琴 - 假日班', 'Product_20200423164306.jpg', '', '3500', '', NULL, '', '', '【七月】中提琴 - 假日班', 'C', '4', '', '2020-05-08 14:18:00', '2020-05-09 14:18:00'),
('P0068', '【八月】中提琴 - 假日班', 'Product_20200423164307.jpg', '', '3500', '', NULL, '', '', '【八月】中提琴 - 假日班', 'C', '4', '', '2020-05-09 14:18:00', '2020-05-10 14:18:00'),
('P0069', '【九月】中提琴 - 假日班', 'Product_20200423164308.jpg', '', '3500', '', NULL, '', '', '【九月】中提琴 - 假日班', 'C', '4', '', '2020-05-10 14:18:00', '2020-05-11 14:18:00'),
('P0070', '【十月】中提琴 - 假日班', 'Product_20200423164309.jpg', '', '3500', '', NULL, '', '', '【十月】中提琴 - 假日班', 'C', '4', '', '2020-05-11 14:18:00', '2020-05-12 14:18:00'),
('P0071', '【十一月】中提琴 - 假日班', 'Product_20200423164310.jpg', '', '3500', '', NULL, '', '', '【十一月】中提琴 - 假日班', 'C', '4', '', '2020-05-12 14:18:00', '2020-05-13 14:18:00'),
('P0072', '【十二月】中提琴 - 假日班', 'Product_20200423164311.jpg', '', '3500', '', NULL, '', '', '【十二月】中提琴 - 假日班', 'C', '4', '', '2020-05-13 14:18:00', '2020-05-14 14:18:00'),
('P0073', '【七月】薩克斯風 - 假日班', 'Product_20200423164312.jpg', '', '4000', '', NULL, '', '', '【七月】薩克斯風 - 假日班', 'C', '5', '', '2020-05-14 14:18:00', '2020-05-15 14:18:00'),
('P0074', '【八月】薩克斯風 - 假日班', 'Product_20200423164313.jpg', '', '4000', '', NULL, '', '', '【八月】薩克斯風 - 假日班', 'C', '5', '', '2020-05-15 14:18:00', '2020-05-16 14:18:00'),
('P0075', '【九月】薩克斯風 - 假日班', 'Product_20200423164314.jpg', '', '4000', '', NULL, '', '', '【九月】薩克斯風 - 假日班', 'C', '5', '', '2020-05-16 14:18:00', '2020-05-17 14:18:00'),
('P0076', '【十月】薩克斯風 - 假日班', 'Product_20200423164315.jpg', '', '4000', '', NULL, '', '', '【十月】薩克斯風 - 假日班', 'C', '5', '', '2020-05-17 14:18:00', '2020-05-18 14:18:00'),
('P0077', '【十一月】薩克斯風 - 假日班', 'Product_20200423164316.jpg', '', '4000', '', NULL, '', '', '【十一月】薩克斯風 - 假日班', 'C', '5', '', '2020-05-18 14:18:00', '2020-05-19 14:18:00'),
('P0078', '【十二月】薩克斯風 - 假日班', 'Product_20200423164317.jpg', '', '4000', '', NULL, '', '', '【十二月】薩克斯風 - 假日班', 'C', '5', '', '2020-05-19 14:18:00', '2020-05-20 14:18:00'),
('P0079', '【七月】長笛 - 假日班', 'Product_20200423164318.jpg', '', '4000', '', NULL, '', '', '【七月】長笛 - 假日班', 'C', '6', '', '2020-05-20 14:18:00', '2020-05-21 14:18:00'),
('P0080', '【八月】長笛 - 假日班', 'Product_20200423164314.jpg', '', '4000', '', NULL, '', '', '【八月】長笛 - 假日班', 'C', '6', '', '2020-05-21 14:18:00', '2020-05-22 14:18:00'),
('P0081', '【九月】長笛 - 假日班', 'Product_20200423164315.jpg', '', '4000', '', NULL, '', '', '【九月】長笛 - 假日班', 'C', '6', '', '2020-05-22 14:18:00', '2020-05-23 14:18:00'),
('P0082', '【十月】長笛 - 假日班', 'Product_20200423164316.jpg', '', '4000', '', NULL, '', '', '【十月】長笛 - 假日班', 'C', '6', '', '2020-05-23 14:18:00', '2020-05-24 14:18:00'),
('P0083', '【十一月】長笛 - 假日班', 'Product_20200423164317.jpg', '', '4000', '', NULL, '', '', '【十一月】長笛 - 假日班', 'C', '6', '', '2020-05-24 14:18:00', '2020-05-25 14:18:00'),
('P0084', '【十二月】長笛 - 假日班', 'Product_20200423164318.jpg', '', '4000', '', NULL, '', '', '【十二月】長笛 - 假日班', 'C', '6', '', '2020-05-25 14:18:00', '2020-05-26 14:18:00'),
('P0085', '【七月】烏克莉莉 - 假日班', 'Product_20200423164319.jpg', '', '2000', '', NULL, '', '', '【七月】烏克莉莉 - 假日班', 'C', '7', '', '2020-05-26 14:18:00', '2020-05-27 14:18:00'),
('P0086', '【八月】烏克莉莉 - 假日班', 'Product_20200423164320.jpg', '', '2000', '', NULL, '', '', '【八月】烏克莉莉 - 假日班', 'C', '7', '', '2020-05-27 14:18:00', '2020-05-28 14:18:00'),
('P0087', '【九月】烏克莉莉 - 假日班', 'Product_20200423164321.jpg', '', '2000', '', NULL, '', '', '【九月】烏克莉莉 - 假日班', 'C', '7', '', '2020-05-28 14:18:00', '2020-05-29 14:18:00'),
('P0088', '【十月】烏克莉莉 - 假日班', 'Product_20200423164322.jpg', '', '2000', '', NULL, '', '', '【十月】烏克莉莉 - 假日班', 'C', '7', '', '2020-05-29 14:18:00', '2020-05-30 14:18:00'),
('P0089', '【十一月】烏克莉莉 - 假日班', 'Product_20200423164323.jpg', '', '2000', '', NULL, '', '', '【十一月】烏克莉莉 - 假日班', 'C', '7', '', '2020-05-30 14:18:00', '2020-05-31 14:18:00'),
('P0090', '【十二月】烏克莉莉 - 假日班', 'Product_20200423164324.jpg', '', '2000', '', NULL, '', '', '【十二月】烏克莉莉 - 假日班', 'C', '7', '', '2020-05-31 14:18:00', '2020-06-01 14:18:00'),
('P0091', '【七月】爵士鼓 - 假日班', 'Product_20200423164325.jpg', '', '2000', '', NULL, '', '', '【七月】爵士鼓 - 假日班', 'C', '8', '', '2020-06-01 14:18:00', '2020-06-02 14:18:00'),
('P0092', '【八月】爵士鼓 - 假日班', 'Product_20200423164326.jpg', '', '2000', '', NULL, '', '', '【八月】爵士鼓 - 假日班', 'C', '8', '', '2020-06-02 14:18:00', '2020-06-03 14:18:00'),
('P0093', '【九月】爵士鼓 - 假日班', 'Product_20200423164327.jpg', '', '2000', '', NULL, '', '', '【九月】爵士鼓 - 假日班', 'C', '8', '', '2020-06-03 14:18:00', '2020-06-04 14:18:00'),
('P0094', '【十月】爵士鼓 - 假日班', 'Product_20200423164328.jpg', '', '2000', '', NULL, '', '', '【十月】爵士鼓 - 假日班', 'C', '8', '', '2020-06-04 14:18:00', '2020-06-05 14:18:00'),
('P0095', '【十一月】爵士鼓 - 假日班', 'Product_20200423164329.jpg', '', '2000', '', NULL, '', '', '【十一月】爵士鼓 - 假日班', 'C', '8', '', '2020-06-05 14:18:00', '2020-06-06 14:18:00'),
('P0096', '【十二月】爵士鼓 - 假日班', 'Product_20200423164330.jpg', '', '2000', '', NULL, '', '', '【十二月】爵士鼓 - 假日班', 'C', '8', '', '2020-06-06 14:18:00', '2020-06-07 14:18:00'),
('P0097', '【10分鐘鋼琴教室】初學者的迷思-01', 'Product_20200428063752.png', 'Product_20200428064124.mp4', '100', '', NULL, '', '', '【10分鐘鋼琴教室】初學者的迷思-01', 'V', '1', 'F010', '2020-06-07 14:18:00', '2020-04-28 12:41:24'),
('P0098', '【10分鐘鋼琴教室】初學者的迷思-02', 'Product_20200423164332.jpg', 'Product_20200423164332.mp4', '100', '', NULL, '', '', '【10分鐘鋼琴教室】初學者的迷思-02', 'V', '1', 'F010', '2020-06-08 14:18:00', '2020-06-09 14:18:00'),
('P0099', '【10分鐘鋼琴教室】初學者的迷思-03', 'Product_20200423164333.jpg', 'Product_20200423164333.mp4', '100', '', NULL, '', '', '【10分鐘鋼琴教室】初學者的迷思-03', 'V', '1', 'F010', '2020-06-09 14:18:00', '2020-06-10 14:18:00'),
('P0100', '【10分鐘鋼琴教室】初學者的迷思-04', 'Product_20200423164334.jpg', 'Product_20200423164334.mp4', '100', '', NULL, '', '', '【10分鐘鋼琴教室】初學者的迷思-04', 'V', '1', 'F010', '2020-06-10 14:18:00', '2020-06-11 14:18:00'),
('P0101', '【10分鐘鋼琴教室】初學者的迷思-05', 'Product_20200423164335.jpg', 'Product_20200423164335.mp4', '100', '', NULL, '', '', '【10分鐘鋼琴教室】初學者的迷思-05', 'V', '1', 'F010', '2020-06-11 14:18:00', '2020-06-12 14:18:00'),
('P0102', '【10分鐘鋼琴教室】初學者的迷思-06', 'Product_20200423164336.jpg', 'Product_20200423164336.mp4', '100', '', NULL, '', '', '【10分鐘鋼琴教室】初學者的迷思-06', 'V', '1', 'F010', '2020-06-12 14:18:00', '2020-06-13 14:18:00'),
('P0103', '【烏克莉莉彈奏教學】小星星', 'Product_20200423164337.jpg', 'Product_20200423164337.mp4', '150', '', NULL, '', '', '【烏克莉莉彈奏教學】小星星', 'V', '7', 'F008', '2020-06-13 14:18:00', '2020-06-14 14:18:00'),
('P0104', '【烏克莉莉彈奏教學】小幸運', 'Product_20200423164338.jpg', 'Product_20200423164338.mp4', '200', '', NULL, '', '', '【烏克莉莉彈奏教學】小幸運', 'V', '7', 'F008', '2020-06-14 14:18:00', '2020-06-15 14:18:00'),
('P0105', '【烏克莉莉彈奏教學】小情歌', 'Product_20200423164339.jpg', 'Product_20200423164339.mp4', '200', '', NULL, '', '', '【烏克莉莉彈奏教學】小情歌', 'V', '7', 'F008', '2020-06-15 14:18:00', '2020-06-16 14:18:00'),
('P0106', '【烏克莉莉彈奏教學】小蘋果', 'Product_20200423164340.jpg', 'Product_20200423164340.mp4', '180', '', NULL, '', '', '【烏克莉莉彈奏教學】小蘋果', 'V', '7', 'F008', '2020-06-16 14:18:00', '2020-06-17 14:18:00'),
('P0107', '【美美老師長笛小學堂】第一課', 'Product_20200423164341.jpg', 'Product_20200423164341.mp4', '1000', '', NULL, '', '', '【美美老師長笛小學堂】第一課', 'V', '6', 'F001', '2020-06-17 14:18:00', '2020-06-18 14:18:00'),
('P0108', '【美美老師長笛小學堂】第二課', 'Product_20200423164342.jpg', 'Product_20200423164342.mp4', '1000', '', NULL, '', '', '【美美老師長笛小學堂】第二課', 'V', '6', 'F001', '2020-06-18 14:18:00', '2020-06-19 14:18:00'),
('P0109', '【美美老師長笛小學堂】第三課', 'Product_20200423164343.jpg', 'Product_20200423164343.mp4', '1000', '', NULL, '', '', '【美美老師長笛小學堂】第三課', 'V', '6', 'F001', '2020-06-19 14:18:00', '2020-06-20 14:18:00'),
('P0110', '【美美老師長笛小學堂】第四課', 'Product_20200423164344.jpg', 'Product_20200423164344.mp4', '1000', '', NULL, '', '', '【美美老師長笛小學堂】第四課', 'V', '6', 'F001', '2020-06-20 14:18:00', '2020-06-21 14:18:00'),
('P0111', '【美美老師長笛小學堂】第五課', 'Product_20200423164345.jpg', 'Product_20200423164345.mp4', '1000', '', NULL, '', '', '【美美老師長笛小學堂】第五課', 'V', '6', 'F001', '2020-06-21 14:18:00', '2020-06-22 14:18:00'),
('P0112', '【美美老師長笛小學堂】第六課', 'Product_20200423164346.jpg', 'Product_20200423164346.mp4', '1000', '', NULL, '', '', '【美美老師長笛小學堂】第六課', 'V', '6', 'F001', '2020-06-22 14:18:00', '2020-06-23 14:18:00'),
('P0113', '【美美老師長笛小學堂】第七課', 'Product_20200423164347.jpg', 'Product_20200423164347.mp4', '1000', '', NULL, '', '', '【美美老師長笛小學堂】第七課', 'V', '6', 'F001', '2020-06-23 14:18:00', '2020-06-24 14:18:00'),
('P0114', '【薩克斯風】01', 'Product_20200423164348.jpg', 'Product_20200423164348.mp4', '1000', '', NULL, '', '', '【薩克斯風】01', 'V', '5', 'F022', '2020-06-24 14:18:00', '2020-06-25 14:18:00'),
('P0115', '【薩克斯風】02', 'Product_20200423164349.jpg', 'Product_20200423164349.mp4', '1000', '', NULL, '', '', '【薩克斯風】02', 'V', '5', 'F022', '2020-06-25 14:18:00', '2020-06-26 14:18:00'),
('P0116', '【薩克斯風】03', 'Product_20200423164350.jpg', 'Product_20200423164350.mp4', '1000', '', NULL, '', '', '【薩克斯風】03', 'V', '5', 'F022', '2020-06-26 14:18:00', '2020-06-27 14:18:00'),
('P0117', '【薩克斯風】04', 'Product_20200423164351.jpg', 'Product_20200423164351.mp4', '1000', '', NULL, '', '', '【薩克斯風】04', 'V', '5', 'F022', '2020-06-27 14:18:00', '2020-06-28 14:18:00'),
('P0118', '【薩克斯風】05', 'Product_20200423164352.jpg', 'Product_20200423164352.mp4', '1000', '', NULL, '', '', '【薩克斯風】05', 'V', '5', 'F022', '2020-06-28 14:18:00', '2020-06-29 14:18:00'),
('P0119', '【薩克斯風】06', 'Product_20200423164353.jpg', 'Product_20200423164353.mp4', '1000', '', NULL, '', '', '【薩克斯風】06', 'V', '5', 'F022', '2020-06-29 14:18:00', '2020-06-30 14:18:00'),
('P0120', '【爵士鼓教學】01', 'Product_20200423164354.jpg', 'Product_20200423164354.mp4', '500', '', NULL, '', '', '【爵士鼓教學】01', 'V', '8', 'F017', '2020-06-30 14:18:00', '2020-07-01 14:18:00'),
('P0121', '【爵士鼓教學】02', 'Product_20200423164355.jpg', 'Product_20200423164355.mp4', '500', '', NULL, '', '', '【爵士鼓教學】02', 'V', '8', 'F017', '2020-07-01 14:18:00', '2020-07-02 14:18:00'),
('P0122', '【爵士鼓教學】03', 'Product_20200423164356.jpg', 'Product_20200423164356.mp4', '500', '', NULL, '', '', '【爵士鼓教學】03', 'V', '8', 'F017', '2020-07-02 14:18:00', '2020-07-03 14:18:00'),
('P0123', '【爵士鼓教學】04', 'Product_20200423164357.jpg', 'Product_20200423164357.mp4', '500', '', NULL, '', '', '【爵士鼓教學】04', 'V', '8', 'F017', '2020-07-03 14:18:00', '2020-07-04 14:18:00'),
('P0124', '電子琴基礎教學-01', 'Product_20200423164358.jpg', 'Product_20200423164358.mp4', '550', '', NULL, '', '', '電子琴基礎教學-01', 'V', '2', 'F023', '2020-07-04 14:18:00', '2020-07-05 14:18:00'),
('P0125', '電子琴基礎教學-02', 'Product_20200423164359.jpg', 'Product_20200423164359.mp4', '550', '', NULL, '', '', '電子琴基礎教學-02', 'V', '2', 'F023', '2020-07-05 14:18:00', '2020-07-06 14:18:00'),
('P0126', '電子琴基礎教學-03', 'Product_20200423164400.jpg', 'Product_20200423164400.mp4', '550', '', NULL, '', '', '電子琴基礎教學-03', 'V', '2', 'F023', '2020-07-06 14:18:00', '2020-07-07 14:18:00'),
('P0127', '電子琴中級教學-01', 'Product_20200423164401.jpg', 'Product_20200423164401.mp4', '550', '', NULL, '', '', '電子琴中級教學-01', 'V', '2', 'F023', '2020-07-07 14:18:00', '2020-07-08 14:18:00'),
('P0128', '電子琴中級教學-02', 'Product_20200423164402.jpg', 'Product_20200423164402.mp4', '550', '', NULL, '', '', '電子琴中級教學-02', 'V', '2', 'F023', '2020-07-08 14:18:00', '2020-07-09 14:18:00'),
('P0129', '電子琴中級教學-03', 'Product_20200423164403.jpg', 'Product_20200423164403.mp4', '550', '', NULL, '', '', '電子琴中級教學-03', 'V', '2', 'F023', '2020-07-09 14:18:00', '2020-07-10 14:18:00'),
('P0130', '【提琴教室】小提琴-01', 'Product_20200423164404.jpg', 'Product_20200423164404.mp4', '1200', '', NULL, '', '', '【提琴教室】小提琴-01', 'V', '3', 'F015', '2020-07-10 14:18:00', '2020-07-11 14:18:00'),
('P0131', '【提琴教室】小提琴-02', 'Product_20200423164405.jpg', 'Product_20200423164405.mp4', '1200', '', NULL, '', '', '【提琴教室】小提琴-02', 'V', '3', 'F015', '2020-07-11 14:18:00', '2020-07-12 14:18:00'),
('P0132', '【提琴教室】小提琴-03', 'Product_20200423164406.jpg', 'Product_20200423164406.mp4', '1200', '', NULL, '', '', '【提琴教室】小提琴-03', 'V', '3', 'F015', '2020-07-12 14:18:00', '2020-07-13 14:18:00'),
('P0133', '【提琴教室】小提琴-04', 'Product_20200423164407.jpg', 'Product_20200423164407.mp4', '1200', '', NULL, '', '', '【提琴教室】小提琴-04', 'V', '3', 'F015', '2020-07-13 14:18:00', '2020-07-14 14:18:00'),
('P0134', '【提琴教室】小提琴-05', 'Product_20200423164408.jpg', 'Product_20200423164408.mp4', '1200', '', NULL, '', '', '【提琴教室】小提琴-05', 'V', '3', 'F015', '2020-07-14 14:18:00', '2020-07-15 14:18:00'),
('P0135', '【提琴教室】小提琴-06', 'Product_20200423164409.jpg', 'Product_20200423164409.mp4', '1200', '', NULL, '', '', '【提琴教室】小提琴-06', 'V', '3', 'F015', '2020-07-15 14:18:00', '2020-07-16 14:18:00'),
('P0136', '【提琴教室】小提琴-07', 'Product_20200423164410.jpg', 'Product_20200423164410.mp4', '1200', '', NULL, '', '', '【提琴教室】小提琴-07', 'V', '3', 'F015', '2020-07-16 14:18:00', '2020-07-17 14:18:00'),
('P0137', '【提琴教室】小提琴-08', 'Product_20200423164411.jpg', 'Product_20200423164411.mp4', '1200', '', NULL, '', '', '【提琴教室】小提琴-08', 'V', '3', 'F015', '2020-07-17 14:18:00', '2020-07-18 14:18:00'),
('P0138', '【提琴教室】中提琴-01', 'Product_20200423164412.jpg', 'Product_20200423164412.mp4', '1200', '', NULL, '', '', '【提琴教室】中提琴-01', 'V', '4', 'F015', '2020-07-18 14:18:00', '2020-07-19 14:18:00'),
('P0139', '【提琴教室】中提琴-02', 'Product_20200423164413.jpg', 'Product_20200423164413.mp4', '1200', '', NULL, '', '', '【提琴教室】中提琴-02', 'V', '4', 'F015', '2020-07-19 14:18:00', '2020-07-20 14:18:00'),
('P0140', '【提琴教室】中提琴-03', 'Product_20200423164414.jpg', 'Product_20200423164414.mp4', '1200', '', NULL, '', '', '【提琴教室】中提琴-03', 'V', '4', 'F015', '2020-07-20 14:18:00', '2020-07-21 14:18:00'),
('P0141', '【提琴教室】中提琴-04', 'Product_20200423164415.jpg', 'Product_20200423164415.mp4', '1200', '', NULL, '', '', '【提琴教室】中提琴-04', 'V', '4', 'F015', '2020-07-21 14:18:00', '2020-07-22 14:18:00'),
('P0142', '【提琴教室】中提琴-05', 'Product_20200423164416.jpg', 'Product_20200423164416.mp4', '1200', '', NULL, '', '', '【提琴教室】中提琴-05', 'V', '4', 'F015', '2020-07-22 14:18:00', '2020-07-23 14:18:00'),
('P0143', '【提琴教室】中提琴-06', 'Product_20200423164417.jpg', 'Product_20200423164417.mp4', '1200', '', NULL, '', '', '【提琴教室】中提琴-06', 'V', '4', 'F015', '2020-07-23 14:18:00', '2020-07-24 14:18:00'),
('P0144', '【提琴教室】中提琴-07', 'Product_20200423164418.jpg', 'Product_20200423164418.mp4', '1200', '', NULL, '', '', '【提琴教室】中提琴-07', 'V', '4', 'F015', '2020-07-24 14:18:00', '2020-07-25 14:18:00'),
('P0145', '【提琴教室】中提琴-08', 'Product_20200423164419.jpg', 'Product_20200423164419.mp4', '1200', '', NULL, '', '', '【提琴教室】中提琴-08', 'V', '4', 'F015', '2020-07-25 14:18:00', '2020-07-26 14:18:00'),
('P0146', 'YAMAHA RYDEEN 傳統爵士鼓組 黑色款', 'Product_20200423164420.jpg', '', '27000', '', NULL, '', '', '全新RYDEEN(5件套鼓組)正是任何初學者及玩家會喜愛的一套鼓組。', 'I', '8', 'F050', '2020-07-26 14:18:00', '2020-07-27 14:18:00'),
('P0147', 'YAMAHA RYDEEN 傳統爵士鼓組 酒紅色款', 'Product_20200423164421.jpg', '', '27000', '', NULL, '', '', '全新RYDEEN(5件套鼓組)正是任何初學者及玩家會喜愛的一套鼓組。', 'I', '8', 'F050', '2020-07-27 14:18:00', '2020-07-28 14:18:00'),
('P0148', 'YAMAHA RYDEEN 傳統爵士鼓組 雅痞黃色款', 'Product_20200423164422.jpg', '', '27000', '', NULL, '', '', '全新RYDEEN(5件套鼓組)正是任何初學者及玩家會喜愛的一套鼓組。', 'I', '8', 'F050', '2020-07-28 14:18:00', '2020-07-29 14:18:00'),
('P0149', 'YAMAHA RYDEEN 傳統爵士鼓組 絢麗銀色款', 'Product_20200423164423.jpg', '', '27000', '', NULL, '', '', '全新RYDEEN(5件套鼓組)正是任何初學者及玩家會喜愛的一套鼓組。', 'I', '8', 'F050', '2020-07-29 14:18:00', '2020-07-30 14:18:00'),
('P0150', 'YAMAHA Stage Custom 爵士鼓組 典雅白色款', 'Product_20200423164424.jpg', '', '46000', '', NULL, '', '', '大鼓踏板+鼓椅+兩隻銅鈸架+一隻Hi-Hat架', 'I', '8', 'F050', '2020-07-30 14:18:00', '2020-07-31 14:18:00'),
('P0151', 'YAMAHA Stage Custom 爵士鼓組 蜂蜜琥珀色款', 'Product_20200423164425.jpg', '', '46000', '', NULL, '', '', '大鼓踏板+鼓椅+兩隻銅鈸架+一隻Hi-Hat架', 'I', '8', 'F050', '2020-07-31 14:18:00', '2020-08-01 14:18:00'),
('P0152', 'YAMAHA Stage Custom 爵士鼓組 酒紅木紋色款', 'Product_20200423164426.jpg', '', '46000', '', NULL, '', '', '大鼓踏板+鼓椅+兩隻銅鈸架+一隻Hi-Hat架', 'I', '8', 'F050', '2020-08-01 14:18:00', '2020-08-02 14:18:00'),
('P0153', 'YAMAHA Stage Custom 爵士鼓組 自然原木色款', 'Product_20200423164427.jpg', '', '46000', '', NULL, '', '', '大鼓踏板+鼓椅+兩隻銅鈸架+一隻Hi-Hat架', 'I', '8', 'F050', '2020-08-02 14:18:00', '2020-08-03 14:18:00'),
('P0154', 'DIXON 台灣製 兒童爵士鼓 BK黑色', 'Product_20200423164428.jpg', '', '14000', '', NULL, '', '', '國內第一組完全按照比例，專供兒童使用的5粒鼓組。', 'I', '8', 'F048', '2020-08-03 14:18:00', '2020-08-04 14:18:00'),
('P0155', 'DIXON 台灣製 兒童爵士鼓 F22銅刷線', 'Product_20200423164429.jpg', '', '14000', '', NULL, '', '', '國內第一組完全按照比例，專供兒童使用的5粒鼓組。', 'I', '8', 'F048', '2020-08-04 14:18:00', '2020-08-05 14:18:00'),
('P0156', 'DIXON 台灣製 兒童爵士鼓 F25藍刷線', 'Product_20200423164430.jpg', '', '14000', '', NULL, '', '', '國內第一組完全按照比例，專供兒童使用的5粒鼓組。', 'I', '8', 'F048', '2020-08-05 14:18:00', '2020-08-06 14:18:00'),
('P0157', 'DIXON 台灣製 兒童爵士鼓 SL銀色', 'Product_20200423164431.jpg', '', '14000', '', NULL, '', '', '國內第一組完全按照比例，專供兒童使用的5粒鼓組。', 'I', '8', 'F048', '2020-08-06 14:18:00', '2020-08-07 14:18:00'),
('P0158', 'DIXON 台灣製 兒童爵士鼓 WR酒紅', 'Product_20200423164432.jpg', '', '14000', '', NULL, '', '', '國內第一組完全按照比例，專供兒童使用的5粒鼓組。', 'I', '8', 'F048', '2020-08-07 14:18:00', '2020-08-08 14:18:00'),
('P0159', '標準加厚88鍵 鋰電池充電式 手捲電子琴', 'Product_20200423164433.jpg', '', '2799', '', NULL, '', '', '超輕便好收納隨時隨地帶著走、可當MIDI鍵盤做電腦編輯、錄音、作詞曲', 'I', '2', 'F047', '2020-08-08 14:18:00', '2020-08-09 14:18:00'),
('P0160', '『YAMAHA NP12』全新機種 61鍵電子琴『黑色款』', 'Product_20200423164434.jpg', '', '8500', '', NULL, '', '', 'NP系列是優雅與簡約的絕佳組合、輕薄小巧的鍵盤有著精緻的音色', 'I', '2', 'F046', '2020-08-09 14:18:00', '2020-08-10 14:18:00'),
('P0161', '『YAMAHA NP12』全新機種 61鍵電子琴『白色款』', 'Product_20200423164435.jpg', '', '8500', '', NULL, '', '', 'NP系列是優雅與簡約的絕佳組合、輕薄小巧的鍵盤有著精緻的音色', 'I', '2', 'F046', '2020-08-10 14:18:00', '2020-08-11 14:18:00'),
('P0162', 'YAMAHA PSR-E463 61鍵自動伴奏電子琴', 'Product_20200423164436.jpg', '', '13500', '', NULL, '', '', 'PSR-E463以包含758種樂器音色的豐富音樂資料庫為特色，讓您盡情享受各種音樂類型。', 'I', '2', 'F046', '2020-08-11 14:18:00', '2020-08-12 14:18:00'),
('P0163', '『YAMAHA 山葉 NP-32』76鍵攜帶式電子琴『黑色款』', 'Product_20200423164437.jpg', '', '15000', '', NULL, '', '', '76鍵 標準鍵鍵盤電子琴', 'I', '2', 'F046', '2020-08-12 14:18:00', '2020-08-13 14:18:00'),
('P0164', '台灣JAZZY61鍵數位電子琴，JZ-618', 'Product_20200423164438.jpg', '', '3115', '', NULL, '', '', '430種音色/300種節奏', 'I', '2', 'F045', '2020-08-13 14:18:00', '2020-08-14 14:18:00'),
('P0165', 'KAWAI K-400直立式鋼琴', 'Product_20200423164439.jpg', '', '50000', '', NULL, '', '', '雙重鉸鏈的摔跤板增添了獨特的吸引力。', 'I', '1', 'F044', '2020-08-14 14:18:00', '2020-08-15 14:18:00'),
('P0166', 'KAWAI K-500直立式鋼琴', 'Product_20200423164440.jpg', '', '55000', '', NULL, '', '', 'K-500提供了功率，動態範圍和音調豐富度的罕見組合', 'I', '1', 'F044', '2020-08-15 14:18:00', '2020-08-16 14:18:00'),
('P0167', 'KAWAI  K-30(SNW)直立式鋼琴', 'Product_20200423164441.jpg', '', '60000', '', NULL, '', '', '採用日本原裝打擊系統、音搥、琴弦，外觀歐洲宮庭型', 'I', '1', 'F044', '2020-08-16 14:18:00', '2020-08-17 14:18:00'),
('P0168', 'KAWAI K-80W(CA)直立式鋼琴', 'Product_20200423164442.jpg', '', '60000', '', NULL, '', '', '採用日本原裝打擊系統、音搥、琴弦。G曲線響板設計，響板音孔裝置，定弦裝置。', 'I', '1', 'F044', '2020-08-17 14:18:00', '2020-08-18 14:18:00'),
('P0169', 'KAWAI K-80(E)直立式鋼琴', 'Product_20200423164443.jpg', '', '60000', '', NULL, '', '', '採用日本原裝打擊系統、音搥、琴弦。G曲線響板設計，響板音孔裝置，定弦裝置。', 'I', '1', 'F044', '2020-08-18 14:18:00', '2020-08-19 14:18:00'),
('P0170', 'aNueNue AQUA-002 23 吋烏克麗麗', 'Product_20200423164444.jpg', '', '2800', '', NULL, '', '', '獨一無二的設計概念，23吋可愛輕巧的琴身、特殊的琴頭造型與簡約的琴身設計', 'I', '7', 'F026', '2020-08-19 14:18:00', '2020-08-20 14:18:00'),
('P0171', 'aNueNue CK3 26吋相思木烏克麗麗', 'Product_20200423164445.jpg', '', '3900', '', NULL, '', '', '相思木除了木紋優雅漂亮之外，聲音溫暖且豐實', 'I', '7', 'F026', '2020-08-20 14:18:00', '2020-08-21 14:18:00'),
('P0172', 'aNueNue MCM 23吋桃花心木烏克麗麗', 'Product_20200423164446.jpg', '', '3600', '', NULL, '', '', '舒適輕巧手感，讓你彈任何曲風都難不倒它平實的價格，高規格的對待', 'I', '7', 'F026', '2020-08-21 14:18:00', '2020-08-22 14:18:00'),
('P0173', 'aNueNue 900S 21吋桃花心木烏克麗麗', 'Product_20200423164447.jpg', '', '5800', '', NULL, '', '', '新一代U900升級面單桃花心木內部結構升級，聲音較響亮飽滿、顆粒扎實', 'I', '7', 'F026', '2020-08-22 14:18:00', '2020-08-23 14:18:00'),
('P0174', '『PUKA 烏克麗麗』PK-DPS 21吋口輪系列 / 小海豚款', 'Product_20200423164448.jpg', '', '1980', '', NULL, '', '', '時下最流行的樂器，適合個人或合奏演出，輕鬆彈奏帶來無限歡樂', 'I', '7', 'F027', '2020-08-23 14:18:00', '2020-08-24 14:18:00'),
('P0175', '『PUKA 烏克麗麗』PK-HBC 23吋口輪系列 / 扶桑花款', 'Product_20200423164449.jpg', '', '2500', '', NULL, '', '', '時下最流行的樂器，適合個人或合奏演出，輕鬆彈奏帶來無限歡樂', 'I', '7', 'F027', '2020-08-24 14:18:00', '2020-08-25 14:18:00'),
('P0176', '『PUKA 烏克麗麗』PU-PEACE-S 21吋口輪系列 / 和平', 'Product_20200423164450.jpg', '', '2100', '', NULL, '', '', '時下最流行的樂器，適合個人或合奏演出，輕鬆彈奏帶來無限歡樂', 'I', '7', 'F027', '2020-08-25 14:18:00', '2020-08-26 14:18:00'),
('P0177', '『PUKA 烏克麗麗』PU-LOVE-S 21吋口輪系列 / 愛心款', 'Product_20200423164451.jpg', '', '2100', '', NULL, '', '', '時下最流行的樂器，適合個人或合奏演出，輕鬆彈奏帶來無限歡樂', 'I', '7', 'F027', '2020-08-26 14:18:00', '2020-08-27 14:18:00'),
('P0178', '『PUKA 烏克麗麗』PK-TFC 23吋口輪系列 / 熱帶魚款', 'Product_20200423164452.jpg', '', '2500', '', NULL, '', '', '時下最流行的樂器，適合個人或合奏演出，輕鬆彈奏帶來無限歡樂', 'I', '7', 'F027', '2020-08-27 14:18:00', '2020-08-28 14:18:00'),
('P0179', 'Sebrew 希伯萊 MC-1  入門小提琴', 'Product_20200423164453.jpg', '', '1600', '', NULL, '', '', ' 入門小提琴', 'I', '3', 'F028', '2020-08-28 14:18:00', '2020-08-29 14:18:00'),
('P0180', 'Sebrew 希伯萊 MC-2 考級小提琴', 'Product_20200423164454.jpg', '', '2280', '', NULL, '', '', '考級小提琴', 'I', '3', 'F028', '2020-08-29 14:18:00', '2020-08-30 14:18:00'),
('P0181', 'Jazzy 台灣品牌 小提琴', 'Product_20200423164455.jpg', '', '3280', '', NULL, '', '', 'A級雲杉木 ', 'I', '3', 'F028', '2020-08-30 14:18:00', '2020-08-31 14:18:00'),
('P0182', '專業級 Elegant 605 手工虎背紋小提琴', 'Product_20200423164456.jpg', '', '18000', '', NULL, '', '', '琴採用優質雲杉實木面板、高級楓木側板、背板有虎背紋，手工漆及手工鑲邊', 'I', '3', 'F029', '2020-08-31 14:18:00', '2020-09-01 14:18:00'),
('P0183', '★SEKWANG★SVN-400雲杉實木小提琴', 'Product_20200423164457.jpg', '', '7000', '', NULL, '', '', '雲衫實木面板、楓木側板及背板、烏木指板烏木配件', 'I', '3', 'F029', '2020-09-01 14:18:00', '2020-09-02 14:18:00'),
('P0184', '德國 Conrad G?tz 小提琴 CG-123', 'Product_20200423164458.jpg', '', '76500', '', NULL, '', '', '德國GOTZ原廠裝配，使用奧地利Thomastik Dominant 尼龍弦', 'I', '3', 'F029', '2020-09-02 14:18:00', '2020-09-03 14:18:00'),
('P0185', 'Abbott SN-300 小提琴', 'Product_20200423164459.jpg', '', '26000', '', NULL, '', '', '手工刷漆，高級烏木配件，虎背紋路清晰', 'I', '3', 'F029', '2020-09-03 14:18:00', '2020-09-04 14:18:00'),
('P0186', '★嚴選JYC JV-17 亮面虎紋小提琴', 'Product_20200423164500.jpg', '', '16500', '', NULL, '', '', '金屬拉弦板', 'I', '3', 'F029', '2020-09-04 14:18:00', '2020-09-05 14:18:00'),
('P0187', '小提琴 BEAUTE ETERNA小提琴', 'Product_20200423164501.jpg', '', '7890', '', NULL, '', '', '楓木實板，鋁合金拉版，棗木配件', 'I', '3', 'F030', '2020-09-05 14:18:00', '2020-09-06 14:18:00'),
('P0188', 'BEAUTE ETERNA 雲杉木單板 小提琴 FL34', 'Product_20200423164502.jpg', '', '9200', '', NULL, '', '', '鋁合金拉版，棗木配件，手工刷漆，復古色小提琴', 'I', '3', 'F030', '2020-09-06 14:18:00', '2020-09-07 14:18:00'),
('P0189', 'BEAUTE ETERNA小提琴【FD12染黑配件】', 'Product_20200423164503.jpg', '', '6590', '', NULL, '', '', '全楓木實板，鋁合金拉版，染黑配件', 'I', '3', 'F030', '2020-09-07 14:18:00', '2020-09-08 14:18:00'),
('P0190', 'BEAUTE ETERNA 雲杉木單板 小提琴 FL12', 'Product_20200423164504.jpg', '', '9230', '', NULL, '', '', '鋁合金拉版，棗木配件，手工刷漆，復古色小提琴', 'I', '3', 'F030', '2020-09-08 14:18:00', '2020-09-09 14:18:00'),
('P0191', 'YAMAHA YFL-222 長笛', 'Product_20200423164505.jpg', '', '24710', '', NULL, '', '', '音色溫暖有深度，中、高音域集中，易控制，適合第一次使用手工吹頭者', 'I', '6', 'F034', '2020-09-09 14:18:00', '2020-09-10 14:18:00'),
('P0192', 'YAMAHA YFL-372 長笛', 'Product_20200423164506.jpg', '', '54600', '', NULL, '', '', '吹口管是決定音色的重要要素', 'I', '6', 'F034', '2020-09-10 14:18:00', '2020-09-11 14:18:00'),
('P0193', 'YAMAHA YFL-272 長笛', 'Product_20200423164507.jpg', '', '41600', '', NULL, '', '', '音色溫暖有深度，中、高音域集中，易控制，適合第一次使用手工吹頭者', 'I', '6', 'F034', '2020-09-11 14:18:00', '2020-09-12 14:18:00'),
('P0194', '★JYC JV-402A中提琴★雲杉實木頂級音色', 'Product_20200423164508.jpg', '', '16400', '', NULL, '', '', '德國SANDNER學生級琴弦', 'I', '4', 'F036', '2020-09-12 14:18:00', '2020-09-13 14:18:00'),
('P0195', '★JYC JV-404中提琴★嚴選手工清鑲邊漆琴', 'Product_20200423164509.jpg', '', '18900', '', NULL, '', '', '德國AUBERT一星琴橋', 'I', '4', 'F036', '2020-09-13 14:18:00', '2020-09-14 14:18:00'),
('P0196', 'YAMAHA 山葉 YTS-62 專業級 次中音薩克斯風 ', 'Product_20200423164510.jpg', '', '130500', '', NULL, '', '', '不分音樂界限，不被時代考驗，為樂手們一致熱愛及推崇', 'I', '5', 'F039', '2020-09-14 14:18:00', '2020-09-15 14:18:00'),
('P0197', 'Zeus Alto 中音薩克斯風/黑金色　Z-A580BG', 'Product_20200423164511.jpg', '', '37570', '', NULL, '', '', '德國原銅 / 台灣製造', 'I', '5', 'F039', '2020-09-15 14:18:00', '2020-09-16 14:18:00'),
('P0198', 'JUPITER JTS-500Q 次中音 薩克斯風', 'Product_20200423164512.jpg', '', '38350', '', NULL, '', '', '喇叭口與身管可拆換，可調拇指靠座', 'I', '5', 'F039', '2020-09-16 14:18:00', '2020-09-17 14:18:00'),
('P0199', 'Zeus Alto 中音薩克斯風　Z-A580L', 'Product_20200423164513.jpg', '', '35100', '', NULL, '', '', '德國原銅 / 台灣製造', 'I', '5', 'F039', '2020-09-17 14:18:00', '2020-09-18 14:18:00'),
('P0200', 'JUPITER JTS-700Q 次中音 薩克斯風', 'Product_20200423164514.jpg', '', '46800', '', NULL, '', '', '德國原銅 / 台灣製造', 'I', '5', 'F039', '2020-09-18 14:18:00', '2020-09-19 14:18:00'),
('P0400', 'xxx', '', '', 'sss', '', NULL, '', '', 'dddd', 'ddd', 'dddd', 'F030', '2020-04-30 10:37:43', '2020-04-30 10:37:43');

-- --------------------------------------------------------

--
-- 表的结构 `product_category`
--

CREATE TABLE `product_category` (
  `CategoryId` varchar(20) COLLATE utf8mb4_unicode_ci NOT NULL COMMENT '類別編號',
  `CategoryName` varchar(20) COLLATE utf8mb4_unicode_ci NOT NULL COMMENT '類別名稱',
  `created_at` datetime NOT NULL DEFAULT CURRENT_TIMESTAMP COMMENT '新增時間',
  `update_at` datetime NOT NULL DEFAULT CURRENT_TIMESTAMP ON UPDATE CURRENT_TIMESTAMP COMMENT '更新時間'
) ENGINE=InnoDB DEFAULT CHARSET=utf8mb4 COLLATE=utf8mb4_unicode_ci COMMENT='商品類別';

--
-- 转存表中的数据 `product_category`
--

INSERT INTO `product_category` (`CategoryId`, `CategoryName`, `created_at`, `update_at`) VALUES
('C', '課程', '2020-03-03 14:18:00', '2020-03-04 14:18:00'),
('I', '樂器', '2020-03-05 14:18:00', '2020-03-06 14:18:00'),
('V', '影片', '2020-03-04 14:18:00', '2020-03-05 14:18:00');

-- --------------------------------------------------------

--
-- 表的结构 `state`
--

CREATE TABLE `state` (
  `stateid` tinyint(10) NOT NULL COMMENT '明細編號',
  `orderid` int(10) NOT NULL COMMENT '訂單編號',
  `PId` varchar(10) COLLATE utf8mb4_unicode_ci NOT NULL COMMENT '商品編號',
  `PName` varchar(50) COLLATE utf8mb4_unicode_ci NOT NULL COMMENT '商品名稱',
  `quantity` int(5) NOT NULL COMMENT '商品數量',
  `category` enum('樂器','影片','課程') COLLATE utf8mb4_unicode_ci NOT NULL COMMENT '商品類別',
  `companyId` varchar(10) COLLATE utf8mb4_unicode_ci DEFAULT NULL COMMENT '廠商編號',
  `money` varchar(11) COLLATE utf8mb4_unicode_ci DEFAULT NULL COMMENT '商品價格'
) ENGINE=InnoDB DEFAULT CHARSET=utf8mb4 COLLATE=utf8mb4_unicode_ci;

--
-- 转存表中的数据 `state`
--

INSERT INTO `state` (`stateid`, `orderid`, `PId`, `PName`, `quantity`, `category`, `companyId`, `money`) VALUES
(1, 1, 'P0146', 'YAMAHA RYDEEN 傳統爵士鼓組 黑色款', 1, '樂器', 'F050', '27000'),
(2, 1, 'P0147', 'YAMAHA RYDEEN 傳統爵士鼓組 酒紅色款', 2, '樂器', 'F050', '27000'),
(3, 1, 'P0148', 'YAMAHA RYDEEN 傳統爵士鼓組 雅痞黃色款', 3, '樂器', 'F050', '27000'),
(4, 2, 'P0149', 'YAMAHA RYDEEN 傳統爵士鼓組 絢麗銀色款', 2, '樂器', 'F050', '27000'),
(5, 3, 'P0150', 'YAMAHA Stage Custom 爵士鼓組 典雅白色款', 1, '樂器', 'F050', '46000'),
(6, 4, 'P0151', 'YAMAHA Stage Custom 爵士鼓組 蜂蜜琥珀色款', 2, '樂器', 'F050', '46000'),
(7, 5, 'P0152', 'YAMAHA Stage Custom 爵士鼓組 酒紅木紋色款', 3, '樂器', 'F050', '46000'),
(8, 6, 'P0153', 'YAMAHA Stage Custom 爵士鼓組 自然原木色款', 1, '樂器', 'F050', '46000'),
(9, 7, 'P0154', 'DIXON 台灣製 兒童爵士鼓 BK黑色', 3, '樂器', 'F048', '14000'),
(10, 7, 'P0155', 'DIXON 台灣製 兒童爵士鼓 F22銅刷線', 2, '樂器', 'F048', '14000'),
(11, 8, 'P0156', 'DIXON 台灣製 兒童爵士鼓 F25藍刷線', 1, '樂器', 'F048', '14000'),
(12, 8, 'P0157', 'DIXON 台灣製 兒童爵士鼓 SL銀色', 2, '樂器', 'F048', '14000'),
(13, 8, 'P0158', 'DIXON 台灣製 兒童爵士鼓 WR酒紅', 3, '樂器', 'F048', '14000'),
(14, 9, 'P0159', '標準加厚88鍵 鋰電池充電式 手捲電子琴', 1, '樂器', 'F047', '2799'),
(15, 10, 'P0160', '『YAMAHA NP12』全新機種 61鍵電子琴『黑色款』', 2, '樂器', 'F046', '8500'),
(16, 11, 'P0161', '『YAMAHA NP12』全新機種 61鍵電子琴『白色款』', 1, '樂器', 'F046', '8500'),
(17, 11, 'P0162', 'YAMAHA PSR-E463 61鍵自動伴奏電子琴', 3, '樂器', 'F046', '13500'),
(18, 12, 'P0111', '【美美老師長笛小學堂】第五課', 1, '影片', 'F001', '1000'),
(19, 13, 'P0112', '【美美老師長笛小學堂】第六課', 1, '影片', 'F001', '1000'),
(20, 14, 'P0113', '【美美老師長笛小學堂】第七課', 1, '影片', 'F001', '1000'),
(21, 14, 'P0114', '【薩克斯風】01', 1, '影片', 'F022', '1000'),
(22, 15, 'P0115', '【薩克斯風】02', 1, '影片', 'F022', '1000'),
(23, 16, 'P0116', '【薩克斯風】03', 1, '影片', 'F022', '1000'),
(24, 16, 'P0117', '【薩克斯風】04', 1, '影片', 'F022', '1000'),
(25, 17, 'P0118', '【薩克斯風】05', 1, '影片', 'F022', '1000'),
(26, 17, 'P0119', '【薩克斯風】06', 1, '影片', 'F022', '1000'),
(27, 17, 'P0120', '【爵士鼓教學】01', 1, '影片', 'F017', '500'),
(28, 18, 'P0121', '【爵士鼓教學】02', 1, '影片', 'F017', '500'),
(29, 19, 'P0174', '『PUKA 烏克麗麗』PK-DPS 21吋口輪系列 / 小海豚款', 1, '樂器', 'F027', '1980'),
(30, 20, 'P0175', '『PUKA 烏克麗麗』PK-HBC 23吋口輪系列 / 扶桑花款', 2, '樂器', 'F027', '2500'),
(31, 21, 'P0176', '『PUKA 烏克麗麗』PU-PEACE-S 21吋口輪系列 / 和平', 3, '樂器', 'F027', '2100'),
(32, 22, 'P0177', '『PUKA 烏克麗麗』PU-LOVE-S 21吋口輪系列 / 愛心款', 2, '樂器', 'F027', '2100'),
(33, 23, 'P0178', '『PUKA 烏克麗麗』PK-TFC 23吋口輪系列 / 熱帶魚款', 1, '樂器', 'F027', '2500'),
(34, 23, 'P0179', 'Sebrew 希伯萊 MC-1  入門小提琴', 2, '樂器', 'F028', '1600'),
(35, 24, 'P0180', 'Sebrew 希伯萊 MC-2 考級小提琴', 3, '樂器', 'F028', '2280'),
(36, 25, 'P0181', 'Jazzy 台灣品牌 小提琴', 2, '樂器', 'F028', '3280'),
(37, 26, 'P0182', '專業級 Elegant 605 手工虎背紋小提琴', 1, '樂器', 'F029', '18000'),
(38, 27, 'P0183', '★SEKWANG★SVN-400雲杉實木小提琴', 2, '樂器', 'F029', '7000'),
(39, 28, 'P0184', '德國 Conrad Götz 小提琴 CG-123', 3, '樂器', 'F029', '76500'),
(40, 28, 'P0185', 'Abbott SN-300 小提琴', 2, '樂器', 'F029', '26000'),
(41, 29, 'P0186', '★嚴選JYC JV-17 亮面虎紋小提琴', 1, '樂器', 'F029', '16500'),
(42, 29, 'P0187', '小提琴 BEAUTE ETERNA小提琴', 2, '樂器', 'F030', '7890'),
(43, 30, 'P0188', 'BEAUTE ETERNA 雲杉木單板 小提琴 FL34', 3, '樂器', 'F030', '9200'),
(44, 31, 'P0189', 'BEAUTE ETERNA小提琴【FD12染黑配件】', 2, '樂器', 'F030', '6590'),
(45, 32, 'P0190', 'BEAUTE ETERNA 雲杉木單板 小提琴 FL12', 1, '樂器', 'F030', '9230'),
(46, 33, 'P0191', 'YAMAHA YFL-222 長笛', 2, '樂器', 'F034', '24710'),
(47, 34, 'P0192', 'YAMAHA YFL-372 長笛', 3, '樂器', 'F034', '54600'),
(48, 35, 'P0193', 'YAMAHA YFL-272 長笛', 2, '樂器', 'F034', '41600'),
(49, 36, 'P0194', '★JYC JV-402A中提琴★雲杉實木頂級音色', 1, '樂器', 'F036', '16400'),
(50, 37, 'P0195', '★JYC JV-404中提琴★嚴選手工清鑲邊漆琴', 2, '樂器', 'F036', '18900'),
(51, 37, 'P0196', 'YAMAHA 山葉 YTS-62 專業級 次中音薩克斯風 ', 3, '樂器', 'F039', '130500'),
(52, 38, 'P0197', 'Zeus Alto 中音薩克斯風/黑金色　Z-A580BG', 2, '樂器', 'F039', '37570'),
(53, 38, 'P0198', 'JUPITER JTS-500Q 次中音 薩克斯風', 1, '樂器', 'F039', '38350'),
(54, 38, 'P0199', 'Zeus Alto 中音薩克斯風　Z-A580L', 2, '樂器', 'F039', '35100'),
(55, 39, 'P0200', 'JUPITER JTS-700Q 次中音 薩克斯風', 3, '樂器', 'F039', '46800'),
(56, 39, 'P0049', '【七月】鋼琴 - 假日班', 1, '課程', '無', '4000'),
(57, 40, 'P0050', '【八月】鋼琴 - 假日班', 1, '課程', '無', '4000'),
(58, 41, 'P0051', '【九月】鋼琴 - 假日班', 1, '課程', '無', '4000'),
(59, 42, 'P0052', '【十月】鋼琴 - 假日班', 1, '課程', '無', '4000'),
(60, 42, 'P0053', '【十一月】鋼琴 - 假日班', 1, '課程', '無', '4000'),
(61, 43, 'P0054', '【十二月】鋼琴 - 假日班', 1, '課程', '無', '4000'),
(62, 44, 'P0055', '【七月】電子琴 - 假日班', 1, '課程', '無', '2500'),
(63, 45, 'P0056', '【八月】電子琴 - 假日班', 1, '課程', '無', '2500'),
(64, 45, 'P0057', '【九月】電子琴 - 假日班', 1, '課程', '無', '2500'),
(65, 46, 'P0058', '【十月】電子琴 - 假日班', 1, '課程', '無', '2500'),
(66, 47, 'P0059', '【十一月】電子琴 - 假日班', 1, '課程', '無', '2500'),
(67, 48, 'P0060', '【十二月】電子琴 - 假日班', 1, '課程', '無', '2500'),
(68, 48, 'P0061', '【七月】小提琴 - 假日班', 1, '課程', '無', '4000'),
(69, 49, 'P0062', '【八月】小提琴 - 假日班', 1, '課程', '無', '4000'),
(70, 50, 'P0063', '【九月】小提琴 - 假日班', 1, '樂器', '無', '5000');

-- --------------------------------------------------------

--
-- 表的结构 `user`
--

CREATE TABLE `user` (
  `userID` varchar(5) NOT NULL COMMENT '會員ID',
  `username` varchar(30) DEFAULT NULL COMMENT '會員姓名',
  `userPwd` char(40) NOT NULL,
  `userPhone` varchar(10) DEFAULT NULL COMMENT '會員手機',
  `userMail` varchar(40) DEFAULT NULL COMMENT '會員信箱',
  `userBirthday` varchar(20) DEFAULT NULL COMMENT '會員生日',
  `userAddress` varchar(50) DEFAULT NULL COMMENT '會員地址',
  `userImg` varchar(100) DEFAULT NULL COMMENT '會員照片',
  `created_at` datetime NOT NULL DEFAULT CURRENT_TIMESTAMP COMMENT '註冊時間',
  `updated_at` datetime NOT NULL DEFAULT CURRENT_TIMESTAMP ON UPDATE CURRENT_TIMESTAMP COMMENT '更新時間'
) ENGINE=InnoDB DEFAULT CHARSET=utf8;

--
-- 转存表中的数据 `user`
--

INSERT INTO `user` (`userID`, `username`, `userPwd`, `userPhone`, `userMail`, `userBirthday`, `userAddress`, `userImg`, `created_at`, `updated_at`) VALUES
('a', 'a', 'a', 'adsf', 'a', 'a', 'a', NULL, '2020-06-23 11:39:54', '2020-06-23 11:39:54'),
('dsaf', 'dsaf', 'f', 'f', 'f@cc.cc', 'dfs', 'f', NULL, '2020-06-23 12:01:33', '2020-06-23 12:01:33'),
('T0001', 'T0001', 'f', 'f', 'f@cc.cc', 'dfs', 'f', NULL, '2020-06-23 12:02:27', '2020-06-23 12:02:27'),
('U0003', '謝凱成', 'a94a8fe5ccb19ba61c4c0873d391e987982fbbd3', '0919390003', '003@gmail.com.tw', '1912-09-22', '桃園市龜山區公西里013鄰文三一街５０之１號', 'img3', '2019-11-27 13:18:46', '2020-06-23 10:48:22'),
('U0004', '鄭志賢', '', '0919390004', '004@gmail.com.tw', '1939-06-03', '桃園市龜山區大華里026鄰文七一街１７號', 'img4', '2019-11-28 13:18:46', '2019-11-25 13:18:49'),
('U0005', '劉原花', '', '0919390005', '005@gmail.com.tw', '1929-10-12', '桃園市龜山區大華里026鄰文七一街１７號四樓', 'img5', '2019-11-29 13:18:46', '2019-11-25 13:18:50'),
('U0006', '張月亦', '', '0919390006', '006@gmail.com.tw', '1930-08-19', '桃園市龜山區大華里026鄰文七一街１７號三樓', 'img6', '2019-11-30 13:18:46', '2019-11-25 13:18:51'),
('U0007', '李家瑜', '', '0919390007', '007@gmail.com.tw', '1966-08-02', '桃園市龜山區大華里026鄰文七一街１７號二樓', 'img7', '2019-12-01 13:18:46', '2019-11-25 13:18:52'),
('U0008', '張佳蓉', '', '0919390008', '008@gmail.com.tw', '1923-09-09', '桃園市龜山區龜山里025鄰萬壽路二段７９６之１號', 'img8', '2019-12-02 13:18:46', '2019-11-25 13:18:53'),
('U0009', '彭淑玲', '', '0919390009', '009@gmail.com.tw', '2008-02-04', '桃園市龜山區龍華里013鄰萬壽路一段４５８號四樓', 'img9', '2019-12-03 13:18:46', '2019-11-25 13:18:54'),
('U0010', '楊嘉文', '', '0919390010', '010@gmail.com.tw', '1986-01-25', '桃園市龜山區龍華里013鄰萬壽路一段４５８號六樓', 'img10', '2019-12-04 13:18:46', '2019-11-25 13:18:55'),
('U0011', '張怡雯', '', '0919390011', '011@gmail.com.tw', '1907-10-25', '桃園市龜山區龍華里013鄰萬壽路一段４５８號五樓', 'img11', '2019-12-05 13:18:46', '2019-11-25 13:18:56'),
('U0012', '李嬌樂', '', '0919390012', '012@gmail.com.tw', '1999-12-19', '桃園市龜山區龍華里013鄰萬壽路一段４５８號', 'img12', '2019-12-06 13:18:46', '2019-11-25 13:18:57'),
('U0013', '陳佳恭', '', '0919390013', '013@gmail.com.tw', '1989-01-09', '桃園市龜山區龍華里013鄰萬壽路一段４５８號三樓', 'img13', '2019-12-07 13:18:46', '2019-11-25 13:18:58'),
('U0014', '郭裕堅', '', '0919390014', '014@gmail.com.tw', '1984-01-29', '桃園市龜山區龍華里013鄰萬壽路一段４５８號二樓', 'img14', '2019-12-08 13:18:46', '2019-11-25 13:18:59'),
('U0015', '陳宗翰', '', '0919390015', '015@gmail.com.tw', '1960-10-25', '桃園市龜山區兔坑里003鄰大同路８４１巷１６號', 'img15', '2019-12-09 13:18:46', '0000-00-00 00:00:00'),
('U0016', '鄭國榮', '', '0919390016', '016@gmail.com.tw', '1909-06-23', '桃園市龜山區新路里001鄰永和街７號', 'img16', '2019-12-10 13:18:46', '0000-00-00 00:00:00'),
('U0017', '柳阿孜', '', '0919390017', '017@gmail.com.tw', '1967-11-05', '桃園市龜山區大華里027鄰頂湖十一街８號', 'img17', '2019-12-11 13:18:46', '0000-00-00 00:00:00'),
('U0018', '戴宜裕', '', '0919390018', '018@gmail.com.tw', '1927-11-03', '桃園市龜山區樂善里007鄰樂學路１０３號', 'img18', '2019-12-12 13:18:46', '0000-00-00 00:00:00'),
('U0019', '張惠誠', '', '0919390019', '019@gmail.com.tw', '1927-04-30', '桃園市龜山區樂善里007鄰樂學路９９號二樓之１', 'img19', '2019-12-13 13:18:46', '0000-00-00 00:00:00'),
('U0020', '許小亦', '', '0919390020', '020@gmail.com.tw', '1983-09-29', '桃園市龜山區樂善里007鄰樂學路９９號二樓之２', 'img20', '2019-12-14 13:18:46', '0000-00-00 00:00:00'),
('U0021', '王木臻', '', '0919390021', '021@gmail.com.tw', '1922-12-21', '新北市中和區錦和里007鄰圓通路３６９巷３０弄２１號', 'img21', '2019-12-15 13:18:46', '0000-00-00 00:00:00'),
('U0022', '張德昇', '', '0919390022', '022@gmail.com.tw', '1990-07-18', '新北市中和區力行里031鄰中正路２７９之１號', 'img22', '2019-12-16 13:18:46', '0000-00-00 00:00:00'),
('U0023', '謝儒強', '', '0919390023', '023@gmail.com.tw', '1937-01-03', '新北市中和區安平里005鄰宜安路１７３號二樓', 'img23', '2019-12-17 13:18:46', '0000-00-00 00:00:00'),
('U0024', '陳尹州', '', '0919390024', '024@gmail.com.tw', '1942-03-21', '新北市中和區國華里005鄰國光街４８號', 'img24', '2019-12-18 13:18:46', '0000-00-00 00:00:00'),
('U0025', '王志穎', '', '0919390025', '025@gmail.com.tw', '1928-09-28', '新北市中和區國華里005鄰國光街４２號', 'img25', '2019-12-19 13:18:46', '0000-00-00 00:00:00'),
('U0026', '趙佳蓉', '', '0919390026', '026@gmail.com.tw', '1987-01-02', '新北市中和區國華里005鄰國光街４６號', 'img26', '2019-12-20 13:18:46', '0000-00-00 00:00:00'),
('U0027', '金姵福', '', '0919390027', '027@gmail.com.tw', '1917-01-01', '新北市中和區國華里005鄰國光街４８之１號十四樓', 'img27', '2019-12-21 13:18:46', '0000-00-00 00:00:00'),
('U0028', '張合凱', '', '0919390028', '028@gmail.com.tw', '1993-06-19', '新北市中和區國華里005鄰國光街４８之１號十三樓', 'img28', '2019-12-22 13:18:46', '0000-00-00 00:00:00'),
('U0029', '劉名宣', '', '0919390029', '029@gmail.com.tw', '1974-05-13', '新北市中和區國華里005鄰國光街４８之１號十一樓', 'img29', '2019-12-23 13:18:46', '0000-00-00 00:00:00'),
('U0030', '黃力紫', '', '0919390030', '030@gmail.com.tw', '1970-06-20', '新北市中和區國華里005鄰國光街４８之１號十樓', 'img30', '2019-12-24 13:18:46', '0000-00-00 00:00:00'),
('U0031', '黃佳良', '', '0919390031', '031@gmail.com.tw', '1964-12-12', '新北市中和區國華里005鄰國光街４８之１號九樓', 'img31', '2019-12-25 13:18:46', '0000-00-00 00:00:00'),
('U0032', '蔣俊嘉', '', '0919390032', '032@gmail.com.tw', '1953-11-08', '新北市中和區國華里005鄰國光街４８之１號八樓', 'img32', '2019-12-26 13:18:46', '0000-00-00 00:00:00'),
('U0033', '廖育瑩', '', '0919390033', '033@gmail.com.tw', '1951-06-26', '新北市中和區國華里005鄰國光街４８之１號七樓', 'img33', '2019-12-27 13:18:46', '0000-00-00 00:00:00'),
('U0034', '陳昭成', '', '0919390034', '034@gmail.com.tw', '1925-01-05', '新北市中和區國華里005鄰國光街４８之１號六樓', 'img34', '2019-12-28 13:18:46', '0000-00-00 00:00:00'),
('U0035', '陳筱涵', '', '0919390035', '035@gmail.com.tw', '1974-09-03', '新北市中和區國華里005鄰國光街４８之１號五樓', 'img35', '2019-12-29 13:18:46', '0000-00-00 00:00:00'),
('U0036', '蔡信宏', '', '0919390036', '036@gmail.com.tw', '1907-11-06', '新北市中和區國華里005鄰國光街４８之１號二樓', 'img36', '2019-12-30 13:18:46', '0000-00-00 00:00:00'),
('U0037', '錢雅婷', '', '0919390037', '037@gmail.com.tw', '1929-10-28', '新北市中和區國華里005鄰國光街４８之１號四樓', 'img37', '2019-12-31 13:18:46', '0000-00-00 00:00:00'),
('U0038', '楊佳宏', '', '0919390038', '038@gmail.com.tw', '1937-05-07', '新北市中和區國華里005鄰國光街５０號十四樓', 'img38', '2020-01-01 13:18:46', '0000-00-00 00:00:00'),
('U0039', '張怡如', '', '0919390039', '039@gmail.com.tw', '1956-02-13', '新北市中和區國華里005鄰國光街５０號十三樓', 'img39', '2020-01-02 13:18:46', '0000-00-00 00:00:00'),
('U0040', '王俊賢', '', '0919390040', '040@gmail.com.tw', '1951-05-04', '新北市中和區國華里005鄰國光街５０號十二樓', 'img40', '2020-01-03 13:18:46', '0000-00-00 00:00:00'),
('U0041', '賴榮興', '', '0919390041', '041@gmail.com.tw', '1975-04-13', '新北市五股區民義里001鄰民義路一段３０６號之１', 'img41', '2020-01-04 13:18:46', '0000-00-00 00:00:00'),
('U0042', '陳奕郁', '', '0919390042', '042@gmail.com.tw', '1943-01-30', '新北市五股區成泰里003鄰新城一路２１５號', 'img42', '2020-01-05 13:18:46', '0000-00-00 00:00:00'),
('U0043', '侯美玲', '', '0919390043', '043@gmail.com.tw', '1941-11-19', '新北市五股區成泰里008鄰西雲路４２之１號', 'img43', '2020-01-06 13:18:46', '0000-00-00 00:00:00'),
('U0044', '盧宗達', '', '0919390044', '044@gmail.com.tw', '1910-05-26', '新北市五股區興珍里033鄰五權路６６號', 'img44', '2020-01-07 13:18:46', '0000-00-00 00:00:00'),
('U0045', '崔意婷', '', '0919390045', '045@gmail.com.tw', '1967-05-21', '新北市五股區興珍里037鄰五工六路４２之１號', 'img45', '2020-01-08 13:18:46', '0000-00-00 00:00:00'),
('U0046', '鄧可成', '', '0919390046', '046@gmail.com.tw', '1951-07-13', '新北市五股區成功里013鄰成泰路三段３０９之５號', 'img46', '2020-01-09 13:18:46', '0000-00-00 00:00:00'),
('U0047', '謝文劭', '', '0919390047', '047@gmail.com.tw', '1901-11-14', '新北市五股區觀音里017鄰凌雲路三段田埔巷１２號之３', 'img47', '2020-01-10 13:18:46', '0000-00-00 00:00:00'),
('U0048', '陸政翰', '', '0919390048', '048@gmail.com.tw', '1901-10-11', '新北市五股區成泰里002鄰成泰路三段２巷８號', 'img48', '2020-01-11 13:18:46', '0000-00-00 00:00:00'),
('U0049', '孫鈺婷', '', '0919390049', '049@gmail.com.tw', '1910-03-17', '新北市五股區成泰里002鄰成泰路三段２巷６號', 'img49', '2020-01-12 13:18:46', '0000-00-00 00:00:00'),
('U0050', '周佳孝', '', '0919390050', '050@gmail.com.tw', '1944-01-22', '新北市五股區民義里003鄰民義路一段２１０號地下一層', 'img50', '2020-01-13 13:18:46', '0000-00-00 00:00:00'),
('U0051', '謝蘭輝', '', '0919390051', '051@gmail.com.tw', '1915-09-04', '新北市五股區民義里003鄰民義路一段２０８號地下一層', 'img51', '2020-01-14 13:18:46', '0000-00-00 00:00:00'),
('U0052', '陳佳琪', '', '0919390052', '052@gmail.com.tw', '1959-08-19', '新北市五股區德泰里002鄰成泰路一段１０之１號', 'img52', '2020-01-15 13:18:46', '0000-00-00 00:00:00'),
('U0053', '周雅萍', '', '0919390053', '053@gmail.com.tw', '1967-11-03', '新北市五股區興珍里033鄰五權三路３２之１號', 'img53', '2020-01-16 13:18:46', '0000-00-00 00:00:00'),
('U0054', '李俊瑋', '', '0919390054', '054@gmail.com.tw', '1947-10-20', '新北市五股區成泰里029鄰御史路７３號', 'img54', '2020-01-17 13:18:46', '0000-00-00 00:00:00'),
('U0055', '許宇軒', '', '0919390055', '055@gmail.com.tw', '1951-05-30', '新北市五股區成泰里029鄰御史路７５號', 'img55', '2020-01-18 13:18:46', '0000-00-00 00:00:00'),
('U0056', '陳佳穎', '', '0919390056', '056@gmail.com.tw', '1946-03-17', '新北市五股區成泰里029鄰御史路７１號', 'img56', '2020-01-19 13:18:46', '0000-00-00 00:00:00'),
('U0057', '陳初紹', '', '0919390057', '057@gmail.com.tw', '1936-12-04', '新北市五股區成泰里029鄰御史路７７號', 'img57', '2020-01-20 13:18:46', '0000-00-00 00:00:00'),
('U0058', '繆惠玲', '', '0919390058', '058@gmail.com.tw', '1954-05-10', '新北市五股區成泰里004鄰新五路二段２７９號', 'img58', '2020-01-21 13:18:46', '0000-00-00 00:00:00'),
('U0059', '吳品祥', '', '0919390059', '059@gmail.com.tw', '1959-11-09', '新北市五股區觀音里015鄰凌雲路三段８４巷２號之３', 'img59', '2020-01-22 13:18:46', '0000-00-00 00:00:00'),
('U0060', '胡素毓', '', '0919390060', '060@gmail.com.tw', '1962-08-31', '新北市五股區集賢里010鄰成泰路三段５７７巷９２之１號', 'img60', '2020-01-23 13:18:46', '0000-00-00 00:00:00'),
('U0061', '黃惠城', '', '0919390061', '061@gmail.com.tw', '1971-04-27', '新北市板橋區湳興里020鄰南雅東路２９巷３之３號', 'img61', '2020-01-24 13:18:46', '0000-00-00 00:00:00'),
('U0062', '蕭可財', '', '0919390062', '062@gmail.com.tw', '1938-06-05', '新北市板橋區福丘里018鄰中山路一段１３９之６號二樓', 'img62', '2020-01-25 13:18:46', '0000-00-00 00:00:00'),
('U0063', '諸家祥', '', '0919390063', '063@gmail.com.tw', '1961-06-14', '新北市板橋區福丘里018鄰中山路一段１３９之６號四樓', 'img63', '2020-01-26 13:18:46', '0000-00-00 00:00:00'),
('U0064', '黃佩珊', '', '0919390064', '064@gmail.com.tw', '1973-11-18', '新北市板橋區福丘里018鄰中山路一段１３９之６號七樓', 'img64', '2020-01-27 13:18:46', '0000-00-00 00:00:00'),
('U0065', '林昱聖', '', '0919390065', '065@gmail.com.tw', '2001-11-04', '新北市板橋區福丘里018鄰中山路一段１３９之６號', 'img65', '2020-01-28 13:18:46', '0000-00-00 00:00:00'),
('U0066', '張佳宇', '', '0919390066', '066@gmail.com.tw', '1996-03-30', '新北市板橋區華興里005鄰縣民大道一段９０號', 'img66', '2020-01-29 13:18:46', '0000-00-00 00:00:00'),
('U0067', '王允昆', '', '0919390067', '067@gmail.com.tw', '1953-10-29', '新北市板橋區民族里005鄰民族路２２５巷４７號', 'img67', '2020-01-30 13:18:46', '0000-00-00 00:00:00'),
('U0068', '李佳雯', '', '0919390068', '068@gmail.com.tw', '1924-08-03', '新北市板橋區民族里005鄰民族路２２５巷４５號', 'img68', '2020-01-31 13:18:46', '0000-00-00 00:00:00'),
('U0069', '林建舜', '', '0919390069', '069@gmail.com.tw', '1970-02-21', '新北市板橋區幸福里011鄰幸福路６０巷８７號三樓', 'img69', '2020-02-01 13:18:46', '0000-00-00 00:00:00'),
('U0070', '劉盛威', '', '0919390070', '070@gmail.com.tw', '1954-07-19', '新北市板橋區幸福里011鄰幸福路６０巷８７號四樓', 'img70', '2020-02-02 13:18:46', '0000-00-00 00:00:00'),
('U0071', '吳品婷', '', '0919390071', '071@gmail.com.tw', '1947-12-20', '新北市板橋區幸福里011鄰幸福路６０巷８７號六樓', 'img71', '2020-02-03 13:18:46', '0000-00-00 00:00:00'),
('U0072', '張展菁', '', '0919390072', '072@gmail.com.tw', '1984-05-19', '新北市板橋區幸福里011鄰幸福路６０巷８７號五樓', 'img72', '2020-02-04 13:18:46', '0000-00-00 00:00:00'),
('U0073', '曹康玫', '', '0919390073', '073@gmail.com.tw', '2001-12-07', '新北市板橋區幸福里011鄰幸福路６０巷８７號七樓', 'img73', '2020-02-05 13:18:46', '0000-00-00 00:00:00'),
('U0074', '李玫亮', '', '0919390074', '074@gmail.com.tw', '1908-10-01', '新北市板橋區幸福里011鄰幸福路６０巷８７號八樓', 'img74', '2020-02-06 13:18:46', '0000-00-00 00:00:00'),
('U0075', '賴怡士', '', '0919390075', '075@gmail.com.tw', '1998-09-30', '新北市板橋區幸福里011鄰幸福路６０巷８７號二樓', 'img75', '2020-02-07 13:18:46', '0000-00-00 00:00:00'),
('U0076', '王志星', '', '0919390076', '076@gmail.com.tw', '1909-10-08', '新北市板橋區幸福里011鄰幸福路６０巷８７號十樓', 'img76', '2020-02-08 13:18:46', '0000-00-00 00:00:00'),
('U0077', '王佩樺', '', '0919390077', '077@gmail.com.tw', '1949-06-10', '新北市板橋區幸福里011鄰幸福路６０巷８７號十一樓', 'img77', '2020-02-09 13:18:46', '0000-00-00 00:00:00'),
('U0078', '王逸群', '', '0919390078', '078@gmail.com.tw', '1967-10-05', '新北市板橋區幸福里011鄰幸福路６０巷８７號十二樓', 'img78', '2020-02-10 13:18:46', '0000-00-00 00:00:00'),
('U0079', '錢怡君', '', '0919390079', '079@gmail.com.tw', '1992-02-15', '新北市板橋區幸福里011鄰幸福路６０巷８７號十三樓', 'img79', '2020-02-11 13:18:46', '0000-00-00 00:00:00'),
('U0080', '黃俊韻', '', '0919390080', '080@gmail.com.tw', '1998-04-18', '新北市板橋區幸福里011鄰幸福路６０巷８７號十四樓', 'img80', '2020-02-12 13:18:46', '0000-00-00 00:00:00'),
('U0081', '陳玉卿', '', '0919390081', '081@gmail.com.tw', '1961-07-05', '新北市蘆洲區仁義里002鄰集賢路３３６巷２號', 'img81', '2020-02-13 13:18:46', '0000-00-00 00:00:00'),
('U0082', '林勝玟', '', '0919390082', '082@gmail.com.tw', '1999-06-29', '新北市蘆洲區仁義里006鄰集賢路３３６巷６號五樓', 'img82', '2020-02-14 13:18:46', '0000-00-00 00:00:00'),
('U0083', '游耿南', '', '0919390083', '083@gmail.com.tw', '1961-03-25', '新北市蘆洲區仁義里006鄰集賢路３３６巷６號三樓', 'img83', '2020-02-15 13:18:46', '0000-00-00 00:00:00'),
('U0084', '黃嘉芳', '', '0919390084', '084@gmail.com.tw', '1932-11-18', '新北市蘆洲區仁義里006鄰集賢路３３６巷６號四樓', 'img84', '2020-02-16 13:18:46', '0000-00-00 00:00:00'),
('U0085', '邱志意', '', '0919390085', '085@gmail.com.tw', '1951-03-21', '新北市蘆洲區仁義里006鄰集賢路３３６巷６號', 'img85', '2020-02-17 13:18:46', '0000-00-00 00:00:00'),
('U0086', '陳宜利', '', '0919390086', '086@gmail.com.tw', '1916-11-11', '新北市蘆洲區仁義里006鄰集賢路３３６巷６號二樓', 'img86', '2020-02-18 13:18:46', '0000-00-00 00:00:00'),
('U0087', '葉耿雯', '', '0919390087', '087@gmail.com.tw', '1917-02-21', '新北市蘆洲區九芎里007鄰長安街２２巷５之１號', 'img87', '2020-02-19 13:18:46', '0000-00-00 00:00:00'),
('U0088', '夏靖雯', '', '0919390088', '088@gmail.com.tw', '1934-07-29', '新北市蘆洲區水河里016鄰民族路４０８巷８５號', 'img88', '2020-02-20 13:18:46', '0000-00-00 00:00:00'),
('U0089', '邱淑育', '', '0919390089', '089@gmail.com.tw', '1901-10-29', '新北市蘆洲區正義里025鄰長榮路１６８巷１０號十一樓', 'img89', '2020-02-21 13:18:46', '0000-00-00 00:00:00'),
('U0090', '林人容', '', '0919390090', '090@gmail.com.tw', '1930-01-20', '新北市蘆洲區正義里025鄰長榮路１６８巷１０號二樓', 'img90', '2020-02-22 13:18:46', '0000-00-00 00:00:00'),
('U0091', '吳雯婷', '', '0919390091', '091@gmail.com.tw', '1907-12-29', '新北市蘆洲區正義里025鄰長榮路１６８巷１０號六樓', 'img91', '2020-02-23 13:18:46', '0000-00-00 00:00:00'),
('U0092', '陳冠欣', '', '0919390092', '092@gmail.com.tw', '2008-03-25', '新北市蘆洲區正義里025鄰長榮路１６８巷１０號四樓', 'img92', '2020-02-24 13:18:46', '0000-00-00 00:00:00'),
('U0093', '趙湘婷', '', '0919390093', '093@gmail.com.tw', '1955-05-05', '新北市蘆洲區正義里025鄰長榮路１６８巷１０號七樓', 'img93', '2020-02-25 13:18:46', '0000-00-00 00:00:00'),
('U0094', '江佳伸', '', '0919390094', '094@gmail.com.tw', '1929-06-22', '新北市蘆洲區正義里025鄰長榮路１６８巷１０號五樓', 'img94', '2020-02-26 13:18:46', '0000-00-00 00:00:00'),
('U0095', '廖雅萍', '', '0919390095', '095@gmail.com.tw', '2013-12-27', '新北市蘆洲區正義里025鄰長榮路１６８巷１０號三樓', 'img95', '2020-02-27 13:18:46', '0000-00-00 00:00:00'),
('U0096', '陳俊宇', '', '0919390096', '096@gmail.com.tw', '2020-04-18', '新北市蘆洲區正義里025鄰長榮路１６８巷１０號十二樓', 'img96', '2020-02-28 13:18:46', '0000-00-00 00:00:00'),
('U0097', '張慈康', '', '0919390097', '097@gmail.com.tw', '1948-11-15', '新北市蘆洲區正義里025鄰長榮路１６８巷１０號九樓', 'img97', '2020-02-29 13:18:46', '0000-00-00 00:00:00'),
('U0098', '舒淑真', '', '0919390098', '098@gmail.com.tw', '1978-09-17', '新北市蘆洲區正義里025鄰長榮路１６８巷１０號十樓', 'img98', '2020-03-01 13:18:46', '0000-00-00 00:00:00'),
('U0099', '賁俊賢', '', '0919390099', '099@gmail.com.tw', '1963-05-29', '新北市蘆洲區正義里025鄰長榮路１６８巷１０號八樓', 'img99', '2020-03-02 13:18:46', '0000-00-00 00:00:00'),
('U0100', '王淑君', '', '0919390100', '100@gmail.com.tw', '1961-06-24', '新北市蘆洲區正義里003鄰光榮路１２０巷２２弄２６號十樓', NULL, '2020-03-03 13:18:46', '2020-04-30 09:54:24');

--
-- 转储表的索引
--

--
-- 表的索引 `admin`
--
ALTER TABLE `admin`
  ADD PRIMARY KEY (`id`);

--
-- 表的索引 `company`
--
ALTER TABLE `company`
  ADD PRIMARY KEY (`companyId`);

--
-- 表的索引 `Coupon`
--
ALTER TABLE `Coupon`
  ADD PRIMARY KEY (`id`);

--
-- 表的索引 `musical_category`
--
ALTER TABLE `musical_category`
  ADD PRIMARY KEY (`CategoryId`);

--
-- 表的索引 `ordertable`
--
ALTER TABLE `ordertable`
  ADD PRIMARY KEY (`orderid`);

--
-- 表的索引 `product`
--
ALTER TABLE `product`
  ADD PRIMARY KEY (`PId`),
  ADD KEY `PCategoryId` (`PCategoryId`,`PInstrumentId`,`PCompanyId`),
  ADD KEY `PCategoryId_2` (`PCategoryId`,`PInstrumentId`,`PCompanyId`);

--
-- 表的索引 `product_category`
--
ALTER TABLE `product_category`
  ADD PRIMARY KEY (`CategoryId`);

--
-- 表的索引 `state`
--
ALTER TABLE `state`
  ADD PRIMARY KEY (`stateid`);

--
-- 表的索引 `user`
--
ALTER TABLE `user`
  ADD PRIMARY KEY (`userID`);

--
-- 在导出的表使用AUTO_INCREMENT
--

--
-- 使用表AUTO_INCREMENT `admin`
--
ALTER TABLE `admin`
  MODIFY `id` int(11) NOT NULL AUTO_INCREMENT COMMENT '流水號', AUTO_INCREMENT=2;

--
-- 使用表AUTO_INCREMENT `Coupon`
--
ALTER TABLE `Coupon`
  MODIFY `id` int(20) UNSIGNED NOT NULL AUTO_INCREMENT COMMENT '流水號', AUTO_INCREMENT=8;

--
-- 使用表AUTO_INCREMENT `ordertable`
--
ALTER TABLE `ordertable`
  MODIFY `orderid` int(5) NOT NULL AUTO_INCREMENT COMMENT '訂單編號', AUTO_INCREMENT=52;

--
-- 使用表AUTO_INCREMENT `state`
--
ALTER TABLE `state`
  MODIFY `stateid` tinyint(10) NOT NULL AUTO_INCREMENT COMMENT '明細編號', AUTO_INCREMENT=71;

/*!40101 SET CHARACTER_SET_CLIENT=@OLD_CHARACTER_SET_CLIENT */;
/*!40101 SET CHARACTER_SET_RESULTS=@OLD_CHARACTER_SET_RESULTS */;
/*!40101 SET COLLATION_CONNECTION=@OLD_COLLATION_CONNECTION */;
